sentence,label
都可以,whatever
没有要求,whatever
随便,whatever
没关系,whatever
没要求,whatever
都行,whatever
对品牌没要求,whatever
什么牌子的都行,whatever
我对这个没要求,whatever
无所谓,whatever
都OK,whatever
没有限制,whatever
都可以,whatever
没有要求,whatever
随便,whatever
没关系,whatever
没要求,whatever
都行,whatever
对品牌没要求,whatever
什么牌子的都行,whatever
我对这个没要求,whatever
无所谓,whatever
都OK,whatever
没有限制,whatever
都可以,whatever
没有要求,whatever
随便,whatever
没关系,whatever
没要求,whatever
都行,whatever
对品牌没要求,whatever
什么牌子的都行,whatever
我对这个没要求,whatever
无所谓,whatever
都OK,whatever
没有限制,whatever
都可以,whatever
没有要求,whatever
随便,whatever
没关系,whatever
没要求,whatever
都行,whatever
对品牌没要求,whatever
什么牌子的都行,whatever
我对这个没要求,whatever
无所谓,whatever
都OK,whatever
没有限制,whatever
都可以,whatever
没有要求,whatever
随便,whatever
没关系,whatever
没要求,whatever
都行,whatever
对品牌没要求,whatever
什么牌子的都行,whatever
我对这个没要求,whatever
无所谓,whatever
都OK,whatever
没有限制,whatever
都可以,whatever
没有要求,whatever
随便,whatever
没关系,whatever
没要求,whatever
都行,whatever
对品牌没要求,whatever
什么牌子的都行,whatever
我对这个没要求,whatever
无所谓,whatever
都OK,whatever
没有限制,whatever
都可以,whatever
没有要求,whatever
随便,whatever
没关系,whatever
没要求,whatever
都行,whatever
对品牌没要求,whatever
什么牌子的都行,whatever
我对这个没要求,whatever
无所谓,whatever
都OK,whatever
没有限制,whatever
都可以,whatever
没有要求,whatever
随便,whatever
没关系,whatever
没要求,whatever
都行,whatever
对品牌没要求,whatever
什么牌子的都行,whatever
我对这个没要求,whatever
无所谓,whatever
都OK,whatever
没有限制,whatever
都可以,whatever
没有要求,whatever
随便,whatever
没关系,whatever
没要求,whatever
都行,whatever
对品牌没要求,whatever
什么牌子的都行,whatever
我对这个没要求,whatever
无所谓,whatever
都OK,whatever
没有限制,whatever
都可以,whatever
没有要求,whatever
随便,whatever
没关系,whatever
没要求,whatever
都行,whatever
对品牌没要求,whatever
什么牌子的都行,whatever
我对这个没要求,whatever
无所谓,whatever
都OK,whatever
没有限制,whatever
都可以,whatever
没有要求,whatever
随便,whatever
没关系,whatever
没要求,whatever
都行,whatever
对品牌没要求,whatever
什么牌子的都行,whatever
我对这个没要求,whatever
无所谓,whatever
都OK,whatever
没有限制,whatever
都可以,whatever
没有要求,whatever
随便,whatever
没关系,whatever
没要求,whatever
都行,whatever
对品牌没要求,whatever
什么牌子的都行,whatever
我对这个没要求,whatever
无所谓,whatever
都OK,whatever
没有限制,whatever
都可以,whatever
没有要求,whatever
随便,whatever
没关系,whatever
没要求,whatever
都行,whatever
对品牌没要求,whatever
什么牌子的都行,whatever
我对这个没要求,whatever
无所谓,whatever
都OK,whatever
没有限制,whatever
都可以,whatever
没有要求,whatever
随便,whatever
没关系,whatever
没要求,whatever
都行,whatever
对品牌没要求,whatever
什么牌子的都行,whatever
我对这个没要求,whatever
无所谓,whatever
都OK,whatever
没有限制,whatever
都可以,whatever
没有要求,whatever
随便,whatever
没关系,whatever
没要求,whatever
都行,whatever
对品牌没要求,whatever
什么牌子的都行,whatever
我对这个没要求,whatever
无所谓,whatever
都OK,whatever
没有限制,whatever
都可以,whatever
没有要求,whatever
随便,whatever
没关系,whatever
没要求,whatever
都行,whatever
对品牌没要求,whatever
什么牌子的都行,whatever
我对这个没要求,whatever
无所谓,whatever
都OK,whatever
没有限制,whatever
都可以,whatever
没有要求,whatever
随便,whatever
没关系,whatever
没要求,whatever
都行,whatever
对品牌没要求,whatever
什么牌子的都行,whatever
我对这个没要求,whatever
无所谓,whatever
都OK,whatever
没有限制,whatever
都可以,whatever
没有要求,whatever
随便,whatever
没关系,whatever
没要求,whatever
都行,whatever
对品牌没要求,whatever
什么牌子的都行,whatever
我对这个没要求,whatever
无所谓,whatever
都OK,whatever
没有限制,whatever
都可以,whatever
没有要求,whatever
随便,whatever
没关系,whatever
没要求,whatever
都行,whatever
对品牌没要求,whatever
什么牌子的都行,whatever
我对这个没要求,whatever
无所谓,whatever
都OK,whatever
没有限制,whatever
都可以,whatever
没有要求,whatever
随便,whatever
没关系,whatever
没要求,whatever
都行,whatever
对品牌没要求,whatever
什么牌子的都行,whatever
我对这个没要求,whatever
无所谓,whatever
都OK,whatever
没有限制,whatever
都可以,whatever
没有要求,whatever
随便,whatever
没关系,whatever
没要求,whatever
都行,whatever
对品牌没要求,whatever
什么牌子的都行,whatever
我对这个没要求,whatever
无所谓,whatever
都OK,whatever
没有限制,whatever
都可以,whatever
没有要求,whatever
随便,whatever
没关系,whatever
没要求,whatever
都行,whatever
对品牌没要求,whatever
什么牌子的都行,whatever
我对这个没要求,whatever
无所谓,whatever
都OK,whatever
没有限制,whatever
telesin,need
hasselblad,need
motorola,need
联想,need
宝丽莱,need
agm,need
walmart,need
美图,need
努比亚,need
huawei,need
酷派,need
泰科易,need
长虹,need
21ke,need
gionee,need
canon,need
ricoh,need
小蚁,need
卡西欧,need
greatwall,need
fugn,need
魅族,need
sioeye,need
小默,need
moov,need
奥林巴斯,need
apple,need
kandao,need
instax,need
徕卡,need
casio,need
360,need
索尼,need
一加,need
lytro,need
松下,need
天语,need
荣耀,need
骁途,need
尼康,need
shetu,need
pentax,need
polaroid,need
samsung,need
philips,need
xtu,need
宾得,need
vivo,need
适马,need
富京,need
surewo,need
gopro,need
8848,need
黑莓,need
newman,need
vuze,need
rich,need
hisense,need
mi,need
摄徒,need
锤子,need
c&c,need
中兴,need
守护宝,need
nikon,need
摩托罗拉,need
小米,need
萤石,need
理光,need
小辣椒,need
lenovo,need
vtech,need
nubia,need
lomography,need
brinno,need
sigma,need
oppo,need
沃尔玛,need
fujifilm,need
coolpad,need
米家,need
kodak,need
富士,need
诺基亚,need
彩友乐,need
史历克,need
zte,need
劲码,need
blackberry,need
meitu,need
olympus,need
nokia,need
caiul,need
rog,need
海信,need
boe,need
索爱,need
莱彩,need
金立,need
k-touch,need
纽曼,need
佳能,need
kingma,need
米狗,need
哈苏,need
长城,need
飞利浦,need
黑鲨,need
insta360,need
伟易达,need
sony,need
sjcam,need
drift,need
meizu,need
yi,need
华为,need
smartisan,need
leica,need
三星,need
htc,need
正狗,need
panasonic,need
changhong,need
mijia,need
telesinvuze,need
hasselbladlomography,need
motorola米家,need
联想金立,need
宝丽莱伟易达,need
agm三星,need
walmartsurewo,need
美图金立,need
努比亚polaroid,need
huaweikodak,need
酷派天语,need
泰科易coolpad,need
长虹kodak,need
21kekandao,need
gioneegionee,need
canonphilips,need
ricohcanon,need
小蚁coolpad,need
卡西欧泰科易,need
greatwallsamsung,need
fugncasio,need
魅族vtech,need
sioeye宾得,need
小默骁途,need
moov酷派,need
奥林巴斯oppo,need
apple萤石,need
kandaosmartisan,need
instax索尼,need
徕卡vivo,need
casiomi,need
360hasselblad,need
索尼小米,need
一加守护宝,need
lytrosmartisan,need
松下尼康,need
天语nikon,need
荣耀rog,need
骁途brinno,need
尼康飞利浦,need
shetu松下,need
pentax劲码,need
polaroid骁途,need
samsung锤子,need
philips米家,need
xtuleica,need
宾得insta360,need
vivochanghong,need
适马中兴,need
富京motorola,need
surewogionee,need
gopromijia,need
8848huawei,need
黑莓适马,need
newman徕卡,need
vuze骁途,need
rich索爱,need
hisensedrift,need
mi宝丽莱,need
摄徒松下,need
锤子sioeye,need
c&cinsta360,need
中兴c&c,need
守护宝沃尔玛,need
nikon哈苏,need
摩托罗拉沃尔玛,need
小米xtu,need
萤石gopro,need
理光walmart,need
小辣椒vuze,need
lenovomijia,need
vtechlomography,need
nubia锤子,need
lomographynokia,need
brinno联想,need
sigma萤石,need
oppo中兴,need
沃尔玛philips,need
fujifilmpentax,need
coolpadphilips,need
米家小蚁,need
kodaksurewo,need
富士htc,need
诺基亚xtu,need
彩友乐htc,need
史历克coolpad,need
zteshetu,need
劲码萤石,need
blackberryricoh,need
meituolympus,need
olympus富京,need
nokiafugn,need
caiul理光,need
roghtc,need
海信caiul,need
boe黑鲨,need
索爱hasselblad,need
莱彩宝丽莱,need
金立changhong,need
k-touch金立,need
纽曼尼康,need
佳能meizu,need
kingmagreatwall,need
米狗中兴,need
哈苏greatwall,need
长城moov,need
飞利浦守护宝,need
黑鲨samsung,need
insta360casio,need
伟易达yi,need
sonyyi,need
sjcam天语,need
drift三星,need
meizu小米,need
yi史历克,need
华为摄徒,need
smartisan史历克,need
leica宾得,need
三星coolpad,need
htc酷派,need
正狗莱彩,need
panasonichuawei,need
changhong锤子,need
mijia荣耀,need
只要telesin的,need
只要hasselblad的,need
只要motorola的,need
只要联想的,need
只要宝丽莱的,need
只要agm的,need
只要walmart的,need
只要美图的,need
只要努比亚的,need
只要huawei的,need
只要酷派的,need
只要泰科易的,need
只要长虹的,need
只要21ke的,need
只要gionee的,need
只要canon的,need
只要ricoh的,need
只要小蚁的,need
只要卡西欧的,need
只要greatwall的,need
只要fugn的,need
只要魅族的,need
只要sioeye的,need
只要小默的,need
只要moov的,need
只要奥林巴斯的,need
只要apple的,need
只要kandao的,need
只要instax的,need
只要徕卡的,need
只要casio的,need
只要360的,need
只要索尼的,need
只要一加的,need
只要lytro的,need
只要松下的,need
只要天语的,need
只要荣耀的,need
只要骁途的,need
只要尼康的,need
只要shetu的,need
只要pentax的,need
只要polaroid的,need
只要samsung的,need
只要philips的,need
只要xtu的,need
只要宾得的,need
只要vivo的,need
只要适马的,need
只要富京的,need
只要surewo的,need
只要gopro的,need
只要8848的,need
只要黑莓的,need
只要newman的,need
只要vuze的,need
只要rich的,need
只要hisense的,need
只要mi的,need
只要摄徒的,need
只要锤子的,need
只要c&c的,need
只要中兴的,need
只要守护宝的,need
只要nikon的,need
只要摩托罗拉的,need
只要小米的,need
只要萤石的,need
只要理光的,need
只要小辣椒的,need
只要lenovo的,need
只要vtech的,need
只要nubia的,need
只要lomography的,need
只要brinno的,need
只要sigma的,need
只要oppo的,need
只要沃尔玛的,need
只要fujifilm的,need
只要coolpad的,need
只要米家的,need
只要kodak的,need
只要富士的,need
只要诺基亚的,need
只要彩友乐的,need
只要史历克的,need
只要zte的,need
只要劲码的,need
只要blackberry的,need
只要meitu的,need
只要olympus的,need
只要nokia的,need
只要caiul的,need
只要rog的,need
只要海信的,need
只要boe的,need
只要索爱的,need
只要莱彩的,need
只要金立的,need
只要k-touch的,need
只要纽曼的,need
只要佳能的,need
只要kingma的,need
只要米狗的,need
只要哈苏的,need
只要长城的,need
只要飞利浦的,need
只要黑鲨的,need
只要insta360的,need
只要伟易达的,need
只要sony的,need
只要sjcam的,need
只要drift的,need
只要meizu的,need
只要yi的,need
只要华为的,need
只要smartisan的,need
只要leica的,need
只要三星的,need
只要htc的,need
只要正狗的,need
只要panasonic的,need
只要changhong的,need
只要mijia的,need
telesin或者sioeye的,need
hasselblad或者努比亚的,need
motorola或者sigma的,need
联想或者drift的,need
宝丽莱或者rog的,need
agm或者mi的,need
walmart或者casio的,need
美图或者诺基亚的,need
努比亚或者索尼的,need
huawei或者索爱的,need
酷派或者hisense的,need
泰科易或者史历克的,need
长虹或者kingma的,need
21ke或者富士的,need
gionee或者小蚁的,need
canon或者huawei的,need
ricoh或者newman的,need
小蚁或者摄徒的,need
卡西欧或者金立的,need
greatwall或者changhong的,need
fugn或者摩托罗拉的,need
魅族或者联想的,need
sioeye或者守护宝的,need
小默或者gopro的,need
moov或者泰科易的,need
奥林巴斯或者酷派的,need
apple或者telesin的,need
kandao或者philips的,need
instax或者kodak的,need
徕卡或者飞利浦的,need
casio或者海信的,need
360或者史历克的,need
索尼或者huawei的,need
一加或者彩友乐的,need
lytro或者荣耀的,need
松下或者meitu的,need
天语或者卡西欧的,need
荣耀或者nokia的,need
骁途或者rog的,need
尼康或者锤子的,need
shetu或者泰科易的,need
pentax或者尼康的,need
polaroid或者vuze的,need
samsung或者纽曼的,need
philips或者gionee的,need
xtu或者moov的,need
宾得或者motorola的,need
vivo或者zte的,need
适马或者伟易达的,need
富京或者海信的,need
surewo或者富士的,need
gopro或者美图的,need
8848或者surewo的,need
黑莓或者kandao的,need
newman或者360的,need
vuze或者史历克的,need
rich或者一加的,need
hisense或者xtu的,need
mi或者富京的,need
摄徒或者彩友乐的,need
锤子或者魅族的,need
c&c或者理光的,need
中兴或者sigma的,need
守护宝或者agm的,need
nikon或者锤子的,need
摩托罗拉或者8848的,need
小米或者海信的,need
萤石或者正狗的,need
理光或者摩托罗拉的,need
小辣椒或者nubia的,need
lenovo或者kandao的,need
vtech或者小米的,need
nubia或者k-touch的,need
lomography或者oppo的,need
brinno或者努比亚的,need
sigma或者rich的,need
oppo或者huawei的,need
沃尔玛或者smartisan的,need
fujifilm或者摩托罗拉的,need
coolpad或者劲码的,need
米家或者philips的,need
kodak或者适马的,need
富士或者brinno的,need
诺基亚或者ricoh的,need
彩友乐或者sioeye的,need
史历克或者泰科易的,need
zte或者8848的,need
劲码或者酷派的,need
blackberry或者kandao的,need
meitu或者奥林巴斯的,need
olympus或者21ke的,need
nokia或者brinno的,need
caiul或者美图的,need
rog或者守护宝的,need
海信或者富士的,need
boe或者c&c的,need
索爱或者魅族的,need
莱彩或者萤石的,need
金立或者卡西欧的,need
k-touch或者boe的,need
纽曼或者尼康的,need
佳能或者leica的,need
kingma或者sigma的,need
米狗或者中兴的,need
哈苏或者philips的,need
长城或者smartisan的,need
飞利浦或者适马的,need
黑鲨或者panasonic的,need
insta360或者greatwall的,need
伟易达或者caiul的,need
sony或者casio的,need
sjcam或者泰科易的,need
drift或者instax的,need
meizu或者instax的,need
yi或者casio的,need
华为或者nokia的,need
smartisan或者纽曼的,need
leica或者中兴的,need
三星或者kingma的,need
htc或者meizu的,need
正狗或者骁途的,need
panasonic或者lomography的,need
changhong或者沃尔玛的,need
mijia或者htc的,need
telesin和shetu都可以,need
hasselblad和松下都可以,need
motorola和摄徒都可以,need
联想和nokia都可以,need
宝丽莱和nikon都可以,need
agm和surewo都可以,need
walmart和philips都可以,need
美图和理光都可以,need
努比亚和骁途都可以,need
huawei和moov都可以,need
酷派和lytro都可以,need
泰科易和moov都可以,need
长虹和newman都可以,need
21ke和莱彩都可以,need
gionee和fujifilm都可以,need
canon和米家都可以,need
ricoh和锤子都可以,need
小蚁和正狗都可以,need
卡西欧和polaroid都可以,need
greatwall和blackberry都可以,need
fugn和酷派都可以,need
魅族和摩托罗拉都可以,need
sioeye和奥林巴斯都可以,need
小默和lenovo都可以,need
moov和mijia都可以,need
奥林巴斯和casio都可以,need
apple和oppo都可以,need
kandao和motorola都可以,need
instax和米狗都可以,need
徕卡和shetu都可以,need
casio和nokia都可以,need
360和理光都可以,need
索尼和小辣椒都可以,need
一加和ricoh都可以,need
lytro和海信都可以,need
松下和黑莓都可以,need
天语和奥林巴斯都可以,need
荣耀和nokia都可以,need
骁途和vuze都可以,need
尼康和锤子都可以,need
shetu和努比亚都可以,need
pentax和motorola都可以,need
polaroid和伟易达都可以,need
samsung和sjcam都可以,need
philips和佳能都可以,need
xtu和一加都可以,need
宾得和骁途都可以,need
vivo和drift都可以,need
适马和sioeye都可以,need
富京和长城都可以,need
surewo和索尼都可以,need
gopro和philips都可以,need
8848和美图都可以,need
黑莓和美图都可以,need
newman和小米都可以,need
vuze和小默都可以,need
rich和hisense都可以,need
hisense和佳能都可以,need
mi和philips都可以,need
摄徒和金立都可以,need
锤子和gopro都可以,need
c&c和pentax都可以,need
中兴和ricoh都可以,need
守护宝和哈苏都可以,need
nikon和沃尔玛都可以,need
摩托罗拉和blackberry都可以,need
小米和surewo都可以,need
萤石和fugn都可以,need
理光和小辣椒都可以,need
小辣椒和守护宝都可以,need
lenovo和小蚁都可以,need
vtech和华为都可以,need
nubia和索尼都可以,need
lomography和理光都可以,need
brinno和boe都可以,need
sigma和守护宝都可以,need
oppo和vivo都可以,need
沃尔玛和富士都可以,need
fujifilm和伟易达都可以,need
coolpad和小辣椒都可以,need
米家和newman都可以,need
kodak和莱彩都可以,need
富士和海信都可以,need
诺基亚和rog都可以,need
彩友乐和caiul都可以,need
史历克和守护宝都可以,need
zte和surewo都可以,need
劲码和适马都可以,need
blackberry和apple都可以,need
meitu和富士都可以,need
olympus和小辣椒都可以,need
nokia和moov都可以,need
caiul和sioeye都可以,need
rog和小默都可以,need
海信和sioeye都可以,need
boe和caiul都可以,need
索爱和小米都可以,need
莱彩和三星都可以,need
金立和nikon都可以,need
k-touch和apple都可以,need
纽曼和pentax都可以,need
佳能和米狗都可以,need
kingma和酷派都可以,need
米狗和surewo都可以,need
哈苏和360都可以,need
长城和pentax都可以,need
飞利浦和rog都可以,need
黑鲨和lytro都可以,need
insta360和360都可以,need
伟易达和blackberry都可以,need
sony和长虹都可以,need
sjcam和hisense都可以,need
drift和sioeye都可以,need
meizu和荣耀都可以,need
yi和agm都可以,need
华为和vivo都可以,need
smartisan和hasselblad都可以,need
leica和telesin都可以,need
三星和中兴都可以,need
htc和长虹都可以,need
正狗和kandao都可以,need
panasonic和fugn都可以,need
changhong和金立都可以,need
mijia和coolpad都可以,need
想买一台telesin的相机,need
想买一台hasselblad的相机,need
想买一台motorola的相机,need
想买一台联想的相机,need
想买一台宝丽莱的相机,need
想买一台agm的相机,need
想买一台walmart的相机,need
想买一台美图的相机,need
想买一台努比亚的相机,need
想买一台huawei的相机,need
想买一台酷派的相机,need
想买一台泰科易的相机,need
想买一台长虹的相机,need
想买一台21ke的相机,need
想买一台gionee的相机,need
想买一台canon的相机,need
想买一台ricoh的相机,need
想买一台小蚁的相机,need
想买一台卡西欧的相机,need
想买一台greatwall的相机,need
想买一台fugn的相机,need
想买一台魅族的相机,need
想买一台sioeye的相机,need
想买一台小默的相机,need
想买一台moov的相机,need
想买一台奥林巴斯的相机,need
想买一台apple的相机,need
想买一台kandao的相机,need
想买一台instax的相机,need
想买一台徕卡的相机,need
想买一台casio的相机,need
想买一台360的相机,need
想买一台索尼的相机,need
想买一台一加的相机,need
想买一台lytro的相机,need
想买一台松下的相机,need
想买一台天语的相机,need
想买一台荣耀的相机,need
想买一台骁途的相机,need
想买一台尼康的相机,need
想买一台shetu的相机,need
想买一台pentax的相机,need
想买一台polaroid的相机,need
想买一台samsung的相机,need
想买一台philips的相机,need
想买一台xtu的相机,need
想买一台宾得的相机,need
想买一台vivo的相机,need
想买一台适马的相机,need
想买一台富京的相机,need
想买一台surewo的相机,need
想买一台gopro的相机,need
想买一台8848的相机,need
想买一台黑莓的相机,need
想买一台newman的相机,need
想买一台vuze的相机,need
想买一台rich的相机,need
想买一台hisense的相机,need
想买一台mi的相机,need
想买一台摄徒的相机,need
想买一台锤子的相机,need
想买一台c&c的相机,need
想买一台中兴的相机,need
想买一台守护宝的相机,need
想买一台nikon的相机,need
想买一台摩托罗拉的相机,need
想买一台小米的相机,need
想买一台萤石的相机,need
想买一台理光的相机,need
想买一台小辣椒的相机,need
想买一台lenovo的相机,need
想买一台vtech的相机,need
想买一台nubia的相机,need
想买一台lomography的相机,need
想买一台brinno的相机,need
想买一台sigma的相机,need
想买一台oppo的相机,need
想买一台沃尔玛的相机,need
想买一台fujifilm的相机,need
想买一台coolpad的相机,need
想买一台米家的相机,need
想买一台kodak的相机,need
想买一台富士的相机,need
想买一台诺基亚的相机,need
想买一台彩友乐的相机,need
想买一台史历克的相机,need
想买一台zte的相机,need
想买一台劲码的相机,need
想买一台blackberry的相机,need
想买一台meitu的相机,need
想买一台olympus的相机,need
想买一台nokia的相机,need
想买一台caiul的相机,need
想买一台rog的相机,need
想买一台海信的相机,need
想买一台boe的相机,need
想买一台索爱的相机,need
想买一台莱彩的相机,need
想买一台金立的相机,need
想买一台k-touch的相机,need
想买一台纽曼的相机,need
想买一台佳能的相机,need
想买一台kingma的相机,need
想买一台米狗的相机,need
想买一台哈苏的相机,need
想买一台长城的相机,need
想买一台飞利浦的相机,need
想买一台黑鲨的相机,need
想买一台insta360的相机,need
想买一台伟易达的相机,need
想买一台sony的相机,need
想买一台sjcam的相机,need
想买一台drift的相机,need
想买一台meizu的相机,need
想买一台yi的相机,need
想买一台华为的相机,need
想买一台smartisan的相机,need
想买一台leica的相机,need
想买一台三星的相机,need
想买一台htc的相机,need
想买一台正狗的相机,need
想买一台panasonic的相机,need
想买一台changhong的相机,need
想买一台mijia的相机,need
买一台telesin或者huawei的相机,need
买一台hasselblad或者motorola的相机,need
买一台motorola或者leica的相机,need
买一台联想或者黑莓的相机,need
买一台宝丽莱或者360的相机,need
买一台agm或者nikon的相机,need
买一台walmart或者vuze的相机,need
买一台美图或者nubia的相机,need
买一台努比亚或者小蚁的相机,need
买一台huawei或者mi的相机,need
买一台酷派或者米狗的相机,need
买一台泰科易或者小默的相机,need
买一台长虹或者meitu的相机,need
买一台21ke或者c&c的相机,need
买一台gionee或者徕卡的相机,need
买一台canon或者vtech的相机,need
买一台ricoh或者sioeye的相机,need
买一台小蚁或者meitu的相机,need
买一台卡西欧或者史历克的相机,need
买一台greatwall或者telesin的相机,need
买一台fugn或者守护宝的相机,need
买一台魅族或者rog的相机,need
买一台sioeye或者vuze的相机,need
买一台小默或者摩托罗拉的相机,need
买一台moov或者motorola的相机,need
买一台奥林巴斯或者适马的相机,need
买一台apple或者motorola的相机,need
买一台kandao或者zte的相机,need
买一台instax或者富士的相机,need
买一台徕卡或者莱彩的相机,need
买一台casio或者sony的相机,need
买一台360或者适马的相机,need
买一台索尼或者polaroid的相机,need
买一台一加或者长虹的相机,need
买一台lytro或者canon的相机,need
买一台松下或者宾得的相机,need
买一台天语或者fugn的相机,need
买一台荣耀或者长城的相机,need
买一台骁途或者沃尔玛的相机,need
买一台尼康或者正狗的相机,need
买一台shetu或者fugn的相机,need
买一台pentax或者宾得的相机,need
买一台polaroid或者史历克的相机,need
买一台samsung或者摄徒的相机,need
买一台philips或者21ke的相机,need
买一台xtu或者greatwall的相机,need
买一台宾得或者olympus的相机,need
买一台vivo或者nokia的相机,need
买一台适马或者pentax的相机,need
买一台富京或者hisense的相机,need
买一台surewo或者instax的相机,need
买一台gopro或者哈苏的相机,need
买一台8848或者黑莓的相机,need
买一台黑莓或者xtu的相机,need
买一台newman或者sioeye的相机,need
买一台vuze或者华为的相机,need
买一台rich或者摄徒的相机,need
买一台hisense或者changhong的相机,need
买一台mi或者motorola的相机,need
买一台摄徒或者lytro的相机,need
买一台锤子或者oppo的相机,need
买一台c&c或者努比亚的相机,need
买一台中兴或者rich的相机,need
买一台守护宝或者小米的相机,need
买一台nikon或者brinno的相机,need
买一台摩托罗拉或者shetu的相机,need
买一台小米或者agm的相机,need
买一台萤石或者fujifilm的相机,need
买一台理光或者vivo的相机,need
买一台小辣椒或者摄徒的相机,need
买一台lenovo或者宾得的相机,need
买一台vtech或者kandao的相机,need
买一台nubia或者小辣椒的相机,need
买一台lomography或者hasselblad的相机,need
买一台brinno或者kandao的相机,need
买一台sigma或者莱彩的相机,need
买一台oppo或者理光的相机,need
买一台沃尔玛或者美图的相机,need
买一台fujifilm或者天语的相机,need
买一台coolpad或者奥林巴斯的相机,need
买一台米家或者hasselblad的相机,need
买一台kodak或者ricoh的相机,need
买一台富士或者panasonic的相机,need
买一台诺基亚或者魅族的相机,need
买一台彩友乐或者小辣椒的相机,need
买一台史历克或者kandao的相机,need
买一台zte或者摄徒的相机,need
买一台劲码或者sjcam的相机,need
买一台blackberry或者changhong的相机,need
买一台meitu或者宾得的相机,need
买一台olympus或者kandao的相机,need
买一台nokia或者huawei的相机,need
买一台caiul或者agm的相机,need
买一台rog或者kingma的相机,need
买一台海信或者索尼的相机,need
买一台boe或者8848的相机,need
买一台索爱或者天语的相机,need
买一台莱彩或者长虹的相机,need
买一台金立或者kingma的相机,need
买一台k-touch或者魅族的相机,need
买一台纽曼或者一加的相机,need
买一台佳能或者小辣椒的相机,need
买一台kingma或者htc的相机,need
买一台米狗或者莱彩的相机,need
买一台哈苏或者sony的相机,need
买一台长城或者kandao的相机,need
买一台飞利浦或者哈苏的相机,need
买一台黑鲨或者sony的相机,need
买一台insta360或者伟易达的相机,need
买一台伟易达或者天语的相机,need
买一台sony或者奥林巴斯的相机,need
买一台sjcam或者insta360的相机,need
买一台drift或者nokia的相机,need
买一台meizu或者ricoh的相机,need
买一台yi或者changhong的相机,need
买一台华为或者gopro的相机,need
买一台smartisan或者中兴的相机,need
买一台leica或者hasselblad的相机,need
买一台三星或者摄徒的相机,need
买一台htc或者kingma的相机,need
买一台正狗或者理光的相机,need
买一台panasonic或者富士的相机,need
买一台changhong或者greatwall的相机,need
买一台mijia或者纽曼的相机,need
比较喜欢telesin的相机,need
比较喜欢hasselblad的相机,need
比较喜欢motorola的相机,need
比较喜欢联想的相机,need
比较喜欢宝丽莱的相机,need
比较喜欢agm的相机,need
比较喜欢walmart的相机,need
比较喜欢美图的相机,need
比较喜欢努比亚的相机,need
比较喜欢huawei的相机,need
比较喜欢酷派的相机,need
比较喜欢泰科易的相机,need
比较喜欢长虹的相机,need
比较喜欢21ke的相机,need
比较喜欢gionee的相机,need
比较喜欢canon的相机,need
比较喜欢ricoh的相机,need
比较喜欢小蚁的相机,need
比较喜欢卡西欧的相机,need
比较喜欢greatwall的相机,need
比较喜欢fugn的相机,need
比较喜欢魅族的相机,need
比较喜欢sioeye的相机,need
比较喜欢小默的相机,need
比较喜欢moov的相机,need
比较喜欢奥林巴斯的相机,need
比较喜欢apple的相机,need
比较喜欢kandao的相机,need
比较喜欢instax的相机,need
比较喜欢徕卡的相机,need
比较喜欢casio的相机,need
比较喜欢360的相机,need
比较喜欢索尼的相机,need
比较喜欢一加的相机,need
比较喜欢lytro的相机,need
比较喜欢松下的相机,need
比较喜欢天语的相机,need
比较喜欢荣耀的相机,need
比较喜欢骁途的相机,need
比较喜欢尼康的相机,need
比较喜欢shetu的相机,need
比较喜欢pentax的相机,need
比较喜欢polaroid的相机,need
比较喜欢samsung的相机,need
比较喜欢philips的相机,need
比较喜欢xtu的相机,need
比较喜欢宾得的相机,need
比较喜欢vivo的相机,need
比较喜欢适马的相机,need
比较喜欢富京的相机,need
比较喜欢surewo的相机,need
比较喜欢gopro的相机,need
比较喜欢8848的相机,need
比较喜欢黑莓的相机,need
比较喜欢newman的相机,need
比较喜欢vuze的相机,need
比较喜欢rich的相机,need
比较喜欢hisense的相机,need
比较喜欢mi的相机,need
比较喜欢摄徒的相机,need
比较喜欢锤子的相机,need
比较喜欢c&c的相机,need
比较喜欢中兴的相机,need
比较喜欢守护宝的相机,need
比较喜欢nikon的相机,need
比较喜欢摩托罗拉的相机,need
比较喜欢小米的相机,need
比较喜欢萤石的相机,need
比较喜欢理光的相机,need
比较喜欢小辣椒的相机,need
比较喜欢lenovo的相机,need
比较喜欢vtech的相机,need
比较喜欢nubia的相机,need
比较喜欢lomography的相机,need
比较喜欢brinno的相机,need
比较喜欢sigma的相机,need
比较喜欢oppo的相机,need
比较喜欢沃尔玛的相机,need
比较喜欢fujifilm的相机,need
比较喜欢coolpad的相机,need
比较喜欢米家的相机,need
比较喜欢kodak的相机,need
比较喜欢富士的相机,need
比较喜欢诺基亚的相机,need
比较喜欢彩友乐的相机,need
比较喜欢史历克的相机,need
比较喜欢zte的相机,need
比较喜欢劲码的相机,need
比较喜欢blackberry的相机,need
比较喜欢meitu的相机,need
比较喜欢olympus的相机,need
比较喜欢nokia的相机,need
比较喜欢caiul的相机,need
比较喜欢rog的相机,need
比较喜欢海信的相机,need
比较喜欢boe的相机,need
比较喜欢索爱的相机,need
比较喜欢莱彩的相机,need
比较喜欢金立的相机,need
比较喜欢k-touch的相机,need
比较喜欢纽曼的相机,need
比较喜欢佳能的相机,need
比较喜欢kingma的相机,need
比较喜欢米狗的相机,need
比较喜欢哈苏的相机,need
比较喜欢长城的相机,need
比较喜欢飞利浦的相机,need
比较喜欢黑鲨的相机,need
比较喜欢insta360的相机,need
比较喜欢伟易达的相机,need
比较喜欢sony的相机,need
比较喜欢sjcam的相机,need
比较喜欢drift的相机,need
比较喜欢meizu的相机,need
比较喜欢yi的相机,need
比较喜欢华为的相机,need
比较喜欢smartisan的相机,need
比较喜欢leica的相机,need
比较喜欢三星的相机,need
比较喜欢htc的相机,need
比较喜欢正狗的相机,need
比较喜欢panasonic的相机,need
比较喜欢changhong的相机,need
比较喜欢mijia的相机,need
比较喜欢telesin的微单,need
比较喜欢hasselblad的微单,need
比较喜欢motorola的微单,need
比较喜欢联想的微单,need
比较喜欢宝丽莱的微单,need
比较喜欢agm的微单,need
比较喜欢walmart的微单,need
比较喜欢美图的微单,need
比较喜欢努比亚的微单,need
比较喜欢huawei的微单,need
比较喜欢酷派的微单,need
比较喜欢泰科易的微单,need
比较喜欢长虹的微单,need
比较喜欢21ke的微单,need
比较喜欢gionee的微单,need
比较喜欢canon的微单,need
比较喜欢ricoh的微单,need
比较喜欢小蚁的微单,need
比较喜欢卡西欧的微单,need
比较喜欢greatwall的微单,need
比较喜欢fugn的微单,need
比较喜欢魅族的微单,need
比较喜欢sioeye的微单,need
比较喜欢小默的微单,need
比较喜欢moov的微单,need
比较喜欢奥林巴斯的微单,need
比较喜欢apple的微单,need
比较喜欢kandao的微单,need
比较喜欢instax的微单,need
比较喜欢徕卡的微单,need
比较喜欢casio的微单,need
比较喜欢360的微单,need
比较喜欢索尼的微单,need
比较喜欢一加的微单,need
比较喜欢lytro的微单,need
比较喜欢松下的微单,need
比较喜欢天语的微单,need
比较喜欢荣耀的微单,need
比较喜欢骁途的微单,need
比较喜欢尼康的微单,need
比较喜欢shetu的微单,need
比较喜欢pentax的微单,need
比较喜欢polaroid的微单,need
比较喜欢samsung的微单,need
比较喜欢philips的微单,need
比较喜欢xtu的微单,need
比较喜欢宾得的微单,need
比较喜欢vivo的微单,need
比较喜欢适马的微单,need
比较喜欢富京的微单,need
比较喜欢surewo的微单,need
比较喜欢gopro的微单,need
比较喜欢8848的微单,need
比较喜欢黑莓的微单,need
比较喜欢newman的微单,need
比较喜欢vuze的微单,need
比较喜欢rich的微单,need
比较喜欢hisense的微单,need
比较喜欢mi的微单,need
比较喜欢摄徒的微单,need
比较喜欢锤子的微单,need
比较喜欢c&c的微单,need
比较喜欢中兴的微单,need
比较喜欢守护宝的微单,need
比较喜欢nikon的微单,need
比较喜欢摩托罗拉的微单,need
比较喜欢小米的微单,need
比较喜欢萤石的微单,need
比较喜欢理光的微单,need
比较喜欢小辣椒的微单,need
比较喜欢lenovo的微单,need
比较喜欢vtech的微单,need
比较喜欢nubia的微单,need
比较喜欢lomography的微单,need
比较喜欢brinno的微单,need
比较喜欢sigma的微单,need
比较喜欢oppo的微单,need
比较喜欢沃尔玛的微单,need
比较喜欢fujifilm的微单,need
比较喜欢coolpad的微单,need
比较喜欢米家的微单,need
比较喜欢kodak的微单,need
比较喜欢富士的微单,need
比较喜欢诺基亚的微单,need
比较喜欢彩友乐的微单,need
比较喜欢史历克的微单,need
比较喜欢zte的微单,need
比较喜欢劲码的微单,need
比较喜欢blackberry的微单,need
比较喜欢meitu的微单,need
比较喜欢olympus的微单,need
比较喜欢nokia的微单,need
比较喜欢caiul的微单,need
比较喜欢rog的微单,need
比较喜欢海信的微单,need
比较喜欢boe的微单,need
比较喜欢索爱的微单,need
比较喜欢莱彩的微单,need
比较喜欢金立的微单,need
比较喜欢k-touch的微单,need
比较喜欢纽曼的微单,need
比较喜欢佳能的微单,need
比较喜欢kingma的微单,need
比较喜欢米狗的微单,need
比较喜欢哈苏的微单,need
比较喜欢长城的微单,need
比较喜欢飞利浦的微单,need
比较喜欢黑鲨的微单,need
比较喜欢insta360的微单,need
比较喜欢伟易达的微单,need
比较喜欢sony的微单,need
比较喜欢sjcam的微单,need
比较喜欢drift的微单,need
比较喜欢meizu的微单,need
比较喜欢yi的微单,need
比较喜欢华为的微单,need
比较喜欢smartisan的微单,need
比较喜欢leica的微单,need
比较喜欢三星的微单,need
比较喜欢htc的微单,need
比较喜欢正狗的微单,need
比较喜欢panasonic的微单,need
比较喜欢changhong的微单,need
比较喜欢mijia的微单,need
有没有telesin的,need
有没有hasselblad的,need
有没有motorola的,need
有没有联想的,need
有没有宝丽莱的,need
有没有agm的,need
有没有walmart的,need
有没有美图的,need
有没有努比亚的,need
有没有huawei的,need
有没有酷派的,need
有没有泰科易的,need
有没有长虹的,need
有没有21ke的,need
有没有gionee的,need
有没有canon的,need
有没有ricoh的,need
有没有小蚁的,need
有没有卡西欧的,need
有没有greatwall的,need
有没有fugn的,need
有没有魅族的,need
有没有sioeye的,need
有没有小默的,need
有没有moov的,need
有没有奥林巴斯的,need
有没有apple的,need
有没有kandao的,need
有没有instax的,need
有没有徕卡的,need
有没有casio的,need
有没有360的,need
有没有索尼的,need
有没有一加的,need
有没有lytro的,need
有没有松下的,need
有没有天语的,need
有没有荣耀的,need
有没有骁途的,need
有没有尼康的,need
有没有shetu的,need
有没有pentax的,need
有没有polaroid的,need
有没有samsung的,need
有没有philips的,need
有没有xtu的,need
有没有宾得的,need
有没有vivo的,need
有没有适马的,need
有没有富京的,need
有没有surewo的,need
有没有gopro的,need
有没有8848的,need
有没有黑莓的,need
有没有newman的,need
有没有vuze的,need
有没有rich的,need
有没有hisense的,need
有没有mi的,need
有没有摄徒的,need
有没有锤子的,need
有没有c&c的,need
有没有中兴的,need
有没有守护宝的,need
有没有nikon的,need
有没有摩托罗拉的,need
有没有小米的,need
有没有萤石的,need
有没有理光的,need
有没有小辣椒的,need
有没有lenovo的,need
有没有vtech的,need
有没有nubia的,need
有没有lomography的,need
有没有brinno的,need
有没有sigma的,need
有没有oppo的,need
有没有沃尔玛的,need
有没有fujifilm的,need
有没有coolpad的,need
有没有米家的,need
有没有kodak的,need
有没有富士的,need
有没有诺基亚的,need
有没有彩友乐的,need
有没有史历克的,need
有没有zte的,need
有没有劲码的,need
有没有blackberry的,need
有没有meitu的,need
有没有olympus的,need
有没有nokia的,need
有没有caiul的,need
有没有rog的,need
有没有海信的,need
有没有boe的,need
有没有索爱的,need
有没有莱彩的,need
有没有金立的,need
有没有k-touch的,need
有没有纽曼的,need
有没有佳能的,need
有没有kingma的,need
有没有米狗的,need
有没有哈苏的,need
有没有长城的,need
有没有飞利浦的,need
有没有黑鲨的,need
有没有insta360的,need
有没有伟易达的,need
有没有sony的,need
有没有sjcam的,need
有没有drift的,need
有没有meizu的,need
有没有yi的,need
有没有华为的,need
有没有smartisan的,need
有没有leica的,need
有没有三星的,need
有没有htc的,need
有没有正狗的,need
有没有panasonic的,need
有没有changhong的,need
有没有mijia的,need
想要telesin的,need
想要hasselblad的,need
想要motorola的,need
想要联想的,need
想要宝丽莱的,need
想要agm的,need
想要walmart的,need
想要美图的,need
想要努比亚的,need
想要huawei的,need
想要酷派的,need
想要泰科易的,need
想要长虹的,need
想要21ke的,need
想要gionee的,need
想要canon的,need
想要ricoh的,need
想要小蚁的,need
想要卡西欧的,need
想要greatwall的,need
想要fugn的,need
想要魅族的,need
想要sioeye的,need
想要小默的,need
想要moov的,need
想要奥林巴斯的,need
想要apple的,need
想要kandao的,need
想要instax的,need
想要徕卡的,need
想要casio的,need
想要360的,need
想要索尼的,need
想要一加的,need
想要lytro的,need
想要松下的,need
想要天语的,need
想要荣耀的,need
想要骁途的,need
想要尼康的,need
想要shetu的,need
想要pentax的,need
想要polaroid的,need
想要samsung的,need
想要philips的,need
想要xtu的,need
想要宾得的,need
想要vivo的,need
想要适马的,need
想要富京的,need
想要surewo的,need
想要gopro的,need
想要8848的,need
想要黑莓的,need
想要newman的,need
想要vuze的,need
想要rich的,need
想要hisense的,need
想要mi的,need
想要摄徒的,need
想要锤子的,need
想要c&c的,need
想要中兴的,need
想要守护宝的,need
想要nikon的,need
想要摩托罗拉的,need
想要小米的,need
想要萤石的,need
想要理光的,need
想要小辣椒的,need
想要lenovo的,need
想要vtech的,need
想要nubia的,need
想要lomography的,need
想要brinno的,need
想要sigma的,need
想要oppo的,need
想要沃尔玛的,need
想要fujifilm的,need
想要coolpad的,need
想要米家的,need
想要kodak的,need
想要富士的,need
想要诺基亚的,need
想要彩友乐的,need
想要史历克的,need
想要zte的,need
想要劲码的,need
想要blackberry的,need
想要meitu的,need
想要olympus的,need
想要nokia的,need
想要caiul的,need
想要rog的,need
想要海信的,need
想要boe的,need
想要索爱的,need
想要莱彩的,need
想要金立的,need
想要k-touch的,need
想要纽曼的,need
想要佳能的,need
想要kingma的,need
想要米狗的,need
想要哈苏的,need
想要长城的,need
想要飞利浦的,need
想要黑鲨的,need
想要insta360的,need
想要伟易达的,need
想要sony的,need
想要sjcam的,need
想要drift的,need
想要meizu的,need
想要yi的,need
想要华为的,need
想要smartisan的,need
想要leica的,need
想要三星的,need
想要htc的,need
想要正狗的,need
想要panasonic的,need
想要changhong的,need
想要mijia的,need
telesin的相机不错,need
hasselblad的相机不错,need
motorola的相机不错,need
联想的相机不错,need
宝丽莱的相机不错,need
agm的相机不错,need
walmart的相机不错,need
美图的相机不错,need
努比亚的相机不错,need
huawei的相机不错,need
酷派的相机不错,need
泰科易的相机不错,need
长虹的相机不错,need
21ke的相机不错,need
gionee的相机不错,need
canon的相机不错,need
ricoh的相机不错,need
小蚁的相机不错,need
卡西欧的相机不错,need
greatwall的相机不错,need
fugn的相机不错,need
魅族的相机不错,need
sioeye的相机不错,need
小默的相机不错,need
moov的相机不错,need
奥林巴斯的相机不错,need
apple的相机不错,need
kandao的相机不错,need
instax的相机不错,need
徕卡的相机不错,need
casio的相机不错,need
360的相机不错,need
索尼的相机不错,need
一加的相机不错,need
lytro的相机不错,need
松下的相机不错,need
天语的相机不错,need
荣耀的相机不错,need
骁途的相机不错,need
尼康的相机不错,need
shetu的相机不错,need
pentax的相机不错,need
polaroid的相机不错,need
samsung的相机不错,need
philips的相机不错,need
xtu的相机不错,need
宾得的相机不错,need
vivo的相机不错,need
适马的相机不错,need
富京的相机不错,need
surewo的相机不错,need
gopro的相机不错,need
8848的相机不错,need
黑莓的相机不错,need
newman的相机不错,need
vuze的相机不错,need
rich的相机不错,need
hisense的相机不错,need
mi的相机不错,need
摄徒的相机不错,need
锤子的相机不错,need
c&c的相机不错,need
中兴的相机不错,need
守护宝的相机不错,need
nikon的相机不错,need
摩托罗拉的相机不错,need
小米的相机不错,need
萤石的相机不错,need
理光的相机不错,need
小辣椒的相机不错,need
lenovo的相机不错,need
vtech的相机不错,need
nubia的相机不错,need
lomography的相机不错,need
brinno的相机不错,need
sigma的相机不错,need
oppo的相机不错,need
沃尔玛的相机不错,need
fujifilm的相机不错,need
coolpad的相机不错,need
米家的相机不错,need
kodak的相机不错,need
富士的相机不错,need
诺基亚的相机不错,need
彩友乐的相机不错,need
史历克的相机不错,need
zte的相机不错,need
劲码的相机不错,need
blackberry的相机不错,need
meitu的相机不错,need
olympus的相机不错,need
nokia的相机不错,need
caiul的相机不错,need
rog的相机不错,need
海信的相机不错,need
boe的相机不错,need
索爱的相机不错,need
莱彩的相机不错,need
金立的相机不错,need
k-touch的相机不错,need
纽曼的相机不错,need
佳能的相机不错,need
kingma的相机不错,need
米狗的相机不错,need
哈苏的相机不错,need
长城的相机不错,need
飞利浦的相机不错,need
黑鲨的相机不错,need
insta360的相机不错,need
伟易达的相机不错,need
sony的相机不错,need
sjcam的相机不错,need
drift的相机不错,need
meizu的相机不错,need
yi的相机不错,need
华为的相机不错,need
smartisan的相机不错,need
leica的相机不错,need
三星的相机不错,need
htc的相机不错,need
正狗的相机不错,need
panasonic的相机不错,need
changhong的相机不错,need
mijia的相机不错,need
推荐一台telesin的相机,need
推荐一台hasselblad的相机,need
推荐一台motorola的相机,need
推荐一台联想的相机,need
推荐一台宝丽莱的相机,need
推荐一台agm的相机,need
推荐一台walmart的相机,need
推荐一台美图的相机,need
推荐一台努比亚的相机,need
推荐一台huawei的相机,need
推荐一台酷派的相机,need
推荐一台泰科易的相机,need
推荐一台长虹的相机,need
推荐一台21ke的相机,need
推荐一台gionee的相机,need
推荐一台canon的相机,need
推荐一台ricoh的相机,need
推荐一台小蚁的相机,need
推荐一台卡西欧的相机,need
推荐一台greatwall的相机,need
推荐一台fugn的相机,need
推荐一台魅族的相机,need
推荐一台sioeye的相机,need
推荐一台小默的相机,need
推荐一台moov的相机,need
推荐一台奥林巴斯的相机,need
推荐一台apple的相机,need
推荐一台kandao的相机,need
推荐一台instax的相机,need
推荐一台徕卡的相机,need
推荐一台casio的相机,need
推荐一台360的相机,need
推荐一台索尼的相机,need
推荐一台一加的相机,need
推荐一台lytro的相机,need
推荐一台松下的相机,need
推荐一台天语的相机,need
推荐一台荣耀的相机,need
推荐一台骁途的相机,need
推荐一台尼康的相机,need
推荐一台shetu的相机,need
推荐一台pentax的相机,need
推荐一台polaroid的相机,need
推荐一台samsung的相机,need
推荐一台philips的相机,need
推荐一台xtu的相机,need
推荐一台宾得的相机,need
推荐一台vivo的相机,need
推荐一台适马的相机,need
推荐一台富京的相机,need
推荐一台surewo的相机,need
推荐一台gopro的相机,need
推荐一台8848的相机,need
推荐一台黑莓的相机,need
推荐一台newman的相机,need
推荐一台vuze的相机,need
推荐一台rich的相机,need
推荐一台hisense的相机,need
推荐一台mi的相机,need
推荐一台摄徒的相机,need
推荐一台锤子的相机,need
推荐一台c&c的相机,need
推荐一台中兴的相机,need
推荐一台守护宝的相机,need
推荐一台nikon的相机,need
推荐一台摩托罗拉的相机,need
推荐一台小米的相机,need
推荐一台萤石的相机,need
推荐一台理光的相机,need
推荐一台小辣椒的相机,need
推荐一台lenovo的相机,need
推荐一台vtech的相机,need
推荐一台nubia的相机,need
推荐一台lomography的相机,need
推荐一台brinno的相机,need
推荐一台sigma的相机,need
推荐一台oppo的相机,need
推荐一台沃尔玛的相机,need
推荐一台fujifilm的相机,need
推荐一台coolpad的相机,need
推荐一台米家的相机,need
推荐一台kodak的相机,need
推荐一台富士的相机,need
推荐一台诺基亚的相机,need
推荐一台彩友乐的相机,need
推荐一台史历克的相机,need
推荐一台zte的相机,need
推荐一台劲码的相机,need
推荐一台blackberry的相机,need
推荐一台meitu的相机,need
推荐一台olympus的相机,need
推荐一台nokia的相机,need
推荐一台caiul的相机,need
推荐一台rog的相机,need
推荐一台海信的相机,need
推荐一台boe的相机,need
推荐一台索爱的相机,need
推荐一台莱彩的相机,need
推荐一台金立的相机,need
推荐一台k-touch的相机,need
推荐一台纽曼的相机,need
推荐一台佳能的相机,need
推荐一台kingma的相机,need
推荐一台米狗的相机,need
推荐一台哈苏的相机,need
推荐一台长城的相机,need
推荐一台飞利浦的相机,need
推荐一台黑鲨的相机,need
推荐一台insta360的相机,need
推荐一台伟易达的相机,need
推荐一台sony的相机,need
推荐一台sjcam的相机,need
推荐一台drift的相机,need
推荐一台meizu的相机,need
推荐一台yi的相机,need
推荐一台华为的相机,need
推荐一台smartisan的相机,need
推荐一台leica的相机,need
推荐一台三星的相机,need
推荐一台htc的相机,need
推荐一台正狗的相机,need
推荐一台panasonic的相机,need
推荐一台changhong的相机,need
推荐一台mijia的相机,need
推荐一下telesin的相机,need
推荐一下hasselblad的相机,need
推荐一下motorola的相机,need
推荐一下联想的相机,need
推荐一下宝丽莱的相机,need
推荐一下agm的相机,need
推荐一下walmart的相机,need
推荐一下美图的相机,need
推荐一下努比亚的相机,need
推荐一下huawei的相机,need
推荐一下酷派的相机,need
推荐一下泰科易的相机,need
推荐一下长虹的相机,need
推荐一下21ke的相机,need
推荐一下gionee的相机,need
推荐一下canon的相机,need
推荐一下ricoh的相机,need
推荐一下小蚁的相机,need
推荐一下卡西欧的相机,need
推荐一下greatwall的相机,need
推荐一下fugn的相机,need
推荐一下魅族的相机,need
推荐一下sioeye的相机,need
推荐一下小默的相机,need
推荐一下moov的相机,need
推荐一下奥林巴斯的相机,need
推荐一下apple的相机,need
推荐一下kandao的相机,need
推荐一下instax的相机,need
推荐一下徕卡的相机,need
推荐一下casio的相机,need
推荐一下360的相机,need
推荐一下索尼的相机,need
推荐一下一加的相机,need
推荐一下lytro的相机,need
推荐一下松下的相机,need
推荐一下天语的相机,need
推荐一下荣耀的相机,need
推荐一下骁途的相机,need
推荐一下尼康的相机,need
推荐一下shetu的相机,need
推荐一下pentax的相机,need
推荐一下polaroid的相机,need
推荐一下samsung的相机,need
推荐一下philips的相机,need
推荐一下xtu的相机,need
推荐一下宾得的相机,need
推荐一下vivo的相机,need
推荐一下适马的相机,need
推荐一下富京的相机,need
推荐一下surewo的相机,need
推荐一下gopro的相机,need
推荐一下8848的相机,need
推荐一下黑莓的相机,need
推荐一下newman的相机,need
推荐一下vuze的相机,need
推荐一下rich的相机,need
推荐一下hisense的相机,need
推荐一下mi的相机,need
推荐一下摄徒的相机,need
推荐一下锤子的相机,need
推荐一下c&c的相机,need
推荐一下中兴的相机,need
推荐一下守护宝的相机,need
推荐一下nikon的相机,need
推荐一下摩托罗拉的相机,need
推荐一下小米的相机,need
推荐一下萤石的相机,need
推荐一下理光的相机,need
推荐一下小辣椒的相机,need
推荐一下lenovo的相机,need
推荐一下vtech的相机,need
推荐一下nubia的相机,need
推荐一下lomography的相机,need
推荐一下brinno的相机,need
推荐一下sigma的相机,need
推荐一下oppo的相机,need
推荐一下沃尔玛的相机,need
推荐一下fujifilm的相机,need
推荐一下coolpad的相机,need
推荐一下米家的相机,need
推荐一下kodak的相机,need
推荐一下富士的相机,need
推荐一下诺基亚的相机,need
推荐一下彩友乐的相机,need
推荐一下史历克的相机,need
推荐一下zte的相机,need
推荐一下劲码的相机,need
推荐一下blackberry的相机,need
推荐一下meitu的相机,need
推荐一下olympus的相机,need
推荐一下nokia的相机,need
推荐一下caiul的相机,need
推荐一下rog的相机,need
推荐一下海信的相机,need
推荐一下boe的相机,need
推荐一下索爱的相机,need
推荐一下莱彩的相机,need
推荐一下金立的相机,need
推荐一下k-touch的相机,need
推荐一下纽曼的相机,need
推荐一下佳能的相机,need
推荐一下kingma的相机,need
推荐一下米狗的相机,need
推荐一下哈苏的相机,need
推荐一下长城的相机,need
推荐一下飞利浦的相机,need
推荐一下黑鲨的相机,need
推荐一下insta360的相机,need
推荐一下伟易达的相机,need
推荐一下sony的相机,need
推荐一下sjcam的相机,need
推荐一下drift的相机,need
推荐一下meizu的相机,need
推荐一下yi的相机,need
推荐一下华为的相机,need
推荐一下smartisan的相机,need
推荐一下leica的相机,need
推荐一下三星的相机,need
推荐一下htc的相机,need
推荐一下正狗的相机,need
推荐一下panasonic的相机,need
推荐一下changhong的相机,need
推荐一下mijia的相机,need
不要telesin的就可以,no_need
不要hasselblad的就可以,no_need
不要motorola的就可以,no_need
不要联想的就可以,no_need
不要宝丽莱的就可以,no_need
不要agm的就可以,no_need
不要walmart的就可以,no_need
不要美图的就可以,no_need
不要努比亚的就可以,no_need
不要huawei的就可以,no_need
不要酷派的就可以,no_need
不要泰科易的就可以,no_need
不要长虹的就可以,no_need
不要21ke的就可以,no_need
不要gionee的就可以,no_need
不要canon的就可以,no_need
不要ricoh的就可以,no_need
不要小蚁的就可以,no_need
不要卡西欧的就可以,no_need
不要greatwall的就可以,no_need
不要fugn的就可以,no_need
不要魅族的就可以,no_need
不要sioeye的就可以,no_need
不要小默的就可以,no_need
不要moov的就可以,no_need
不要奥林巴斯的就可以,no_need
不要apple的就可以,no_need
不要kandao的就可以,no_need
不要instax的就可以,no_need
不要徕卡的就可以,no_need
不要casio的就可以,no_need
不要360的就可以,no_need
不要索尼的就可以,no_need
不要一加的就可以,no_need
不要lytro的就可以,no_need
不要松下的就可以,no_need
不要天语的就可以,no_need
不要荣耀的就可以,no_need
不要骁途的就可以,no_need
不要尼康的就可以,no_need
不要shetu的就可以,no_need
不要pentax的就可以,no_need
不要polaroid的就可以,no_need
不要samsung的就可以,no_need
不要philips的就可以,no_need
不要xtu的就可以,no_need
不要宾得的就可以,no_need
不要vivo的就可以,no_need
不要适马的就可以,no_need
不要富京的就可以,no_need
不要surewo的就可以,no_need
不要gopro的就可以,no_need
不要8848的就可以,no_need
不要黑莓的就可以,no_need
不要newman的就可以,no_need
不要vuze的就可以,no_need
不要rich的就可以,no_need
不要hisense的就可以,no_need
不要mi的就可以,no_need
不要摄徒的就可以,no_need
不要锤子的就可以,no_need
不要c&c的就可以,no_need
不要中兴的就可以,no_need
不要守护宝的就可以,no_need
不要nikon的就可以,no_need
不要摩托罗拉的就可以,no_need
不要小米的就可以,no_need
不要萤石的就可以,no_need
不要理光的就可以,no_need
不要小辣椒的就可以,no_need
不要lenovo的就可以,no_need
不要vtech的就可以,no_need
不要nubia的就可以,no_need
不要lomography的就可以,no_need
不要brinno的就可以,no_need
不要sigma的就可以,no_need
不要oppo的就可以,no_need
不要沃尔玛的就可以,no_need
不要fujifilm的就可以,no_need
不要coolpad的就可以,no_need
不要米家的就可以,no_need
不要kodak的就可以,no_need
不要富士的就可以,no_need
不要诺基亚的就可以,no_need
不要彩友乐的就可以,no_need
不要史历克的就可以,no_need
不要zte的就可以,no_need
不要劲码的就可以,no_need
不要blackberry的就可以,no_need
不要meitu的就可以,no_need
不要olympus的就可以,no_need
不要nokia的就可以,no_need
不要caiul的就可以,no_need
不要rog的就可以,no_need
不要海信的就可以,no_need
不要boe的就可以,no_need
不要索爱的就可以,no_need
不要莱彩的就可以,no_need
不要金立的就可以,no_need
不要k-touch的就可以,no_need
不要纽曼的就可以,no_need
不要佳能的就可以,no_need
不要kingma的就可以,no_need
不要米狗的就可以,no_need
不要哈苏的就可以,no_need
不要长城的就可以,no_need
不要飞利浦的就可以,no_need
不要黑鲨的就可以,no_need
不要insta360的就可以,no_need
不要伟易达的就可以,no_need
不要sony的就可以,no_need
不要sjcam的就可以,no_need
不要drift的就可以,no_need
不要meizu的就可以,no_need
不要yi的就可以,no_need
不要华为的就可以,no_need
不要smartisan的就可以,no_need
不要leica的就可以,no_need
不要三星的就可以,no_need
不要htc的就可以,no_need
不要正狗的就可以,no_need
不要panasonic的就可以,no_need
不要changhong的就可以,no_need
不要mijia的就可以,no_need
不要telesin的,no_need
不要hasselblad的,no_need
不要motorola的,no_need
不要联想的,no_need
不要宝丽莱的,no_need
不要agm的,no_need
不要walmart的,no_need
不要美图的,no_need
不要努比亚的,no_need
不要huawei的,no_need
不要酷派的,no_need
不要泰科易的,no_need
不要长虹的,no_need
不要21ke的,no_need
不要gionee的,no_need
不要canon的,no_need
不要ricoh的,no_need
不要小蚁的,no_need
不要卡西欧的,no_need
不要greatwall的,no_need
不要fugn的,no_need
不要魅族的,no_need
不要sioeye的,no_need
不要小默的,no_need
不要moov的,no_need
不要奥林巴斯的,no_need
不要apple的,no_need
不要kandao的,no_need
不要instax的,no_need
不要徕卡的,no_need
不要casio的,no_need
不要360的,no_need
不要索尼的,no_need
不要一加的,no_need
不要lytro的,no_need
不要松下的,no_need
不要天语的,no_need
不要荣耀的,no_need
不要骁途的,no_need
不要尼康的,no_need
不要shetu的,no_need
不要pentax的,no_need
不要polaroid的,no_need
不要samsung的,no_need
不要philips的,no_need
不要xtu的,no_need
不要宾得的,no_need
不要vivo的,no_need
不要适马的,no_need
不要富京的,no_need
不要surewo的,no_need
不要gopro的,no_need
不要8848的,no_need
不要黑莓的,no_need
不要newman的,no_need
不要vuze的,no_need
不要rich的,no_need
不要hisense的,no_need
不要mi的,no_need
不要摄徒的,no_need
不要锤子的,no_need
不要c&c的,no_need
不要中兴的,no_need
不要守护宝的,no_need
不要nikon的,no_need
不要摩托罗拉的,no_need
不要小米的,no_need
不要萤石的,no_need
不要理光的,no_need
不要小辣椒的,no_need
不要lenovo的,no_need
不要vtech的,no_need
不要nubia的,no_need
不要lomography的,no_need
不要brinno的,no_need
不要sigma的,no_need
不要oppo的,no_need
不要沃尔玛的,no_need
不要fujifilm的,no_need
不要coolpad的,no_need
不要米家的,no_need
不要kodak的,no_need
不要富士的,no_need
不要诺基亚的,no_need
不要彩友乐的,no_need
不要史历克的,no_need
不要zte的,no_need
不要劲码的,no_need
不要blackberry的,no_need
不要meitu的,no_need
不要olympus的,no_need
不要nokia的,no_need
不要caiul的,no_need
不要rog的,no_need
不要海信的,no_need
不要boe的,no_need
不要索爱的,no_need
不要莱彩的,no_need
不要金立的,no_need
不要k-touch的,no_need
不要纽曼的,no_need
不要佳能的,no_need
不要kingma的,no_need
不要米狗的,no_need
不要哈苏的,no_need
不要长城的,no_need
不要飞利浦的,no_need
不要黑鲨的,no_need
不要insta360的,no_need
不要伟易达的,no_need
不要sony的,no_need
不要sjcam的,no_need
不要drift的,no_need
不要meizu的,no_need
不要yi的,no_need
不要华为的,no_need
不要smartisan的,no_need
不要leica的,no_need
不要三星的,no_need
不要htc的,no_need
不要正狗的,no_need
不要panasonic的,no_need
不要changhong的,no_need
不要mijia的,no_need
除了telesin的都可以,no_need
除了hasselblad的都可以,no_need
除了motorola的都可以,no_need
除了联想的都可以,no_need
除了宝丽莱的都可以,no_need
除了agm的都可以,no_need
除了walmart的都可以,no_need
除了美图的都可以,no_need
除了努比亚的都可以,no_need
除了huawei的都可以,no_need
除了酷派的都可以,no_need
除了泰科易的都可以,no_need
除了长虹的都可以,no_need
除了21ke的都可以,no_need
除了gionee的都可以,no_need
除了canon的都可以,no_need
除了ricoh的都可以,no_need
除了小蚁的都可以,no_need
除了卡西欧的都可以,no_need
除了greatwall的都可以,no_need
除了fugn的都可以,no_need
除了魅族的都可以,no_need
除了sioeye的都可以,no_need
除了小默的都可以,no_need
除了moov的都可以,no_need
除了奥林巴斯的都可以,no_need
除了apple的都可以,no_need
除了kandao的都可以,no_need
除了instax的都可以,no_need
除了徕卡的都可以,no_need
除了casio的都可以,no_need
除了360的都可以,no_need
除了索尼的都可以,no_need
除了一加的都可以,no_need
除了lytro的都可以,no_need
除了松下的都可以,no_need
除了天语的都可以,no_need
除了荣耀的都可以,no_need
除了骁途的都可以,no_need
除了尼康的都可以,no_need
除了shetu的都可以,no_need
除了pentax的都可以,no_need
除了polaroid的都可以,no_need
除了samsung的都可以,no_need
除了philips的都可以,no_need
除了xtu的都可以,no_need
除了宾得的都可以,no_need
除了vivo的都可以,no_need
除了适马的都可以,no_need
除了富京的都可以,no_need
除了surewo的都可以,no_need
除了gopro的都可以,no_need
除了8848的都可以,no_need
除了黑莓的都可以,no_need
除了newman的都可以,no_need
除了vuze的都可以,no_need
除了rich的都可以,no_need
除了hisense的都可以,no_need
除了mi的都可以,no_need
除了摄徒的都可以,no_need
除了锤子的都可以,no_need
除了c&c的都可以,no_need
除了中兴的都可以,no_need
除了守护宝的都可以,no_need
除了nikon的都可以,no_need
除了摩托罗拉的都可以,no_need
除了小米的都可以,no_need
除了萤石的都可以,no_need
除了理光的都可以,no_need
除了小辣椒的都可以,no_need
除了lenovo的都可以,no_need
除了vtech的都可以,no_need
除了nubia的都可以,no_need
除了lomography的都可以,no_need
除了brinno的都可以,no_need
除了sigma的都可以,no_need
除了oppo的都可以,no_need
除了沃尔玛的都可以,no_need
除了fujifilm的都可以,no_need
除了coolpad的都可以,no_need
除了米家的都可以,no_need
除了kodak的都可以,no_need
除了富士的都可以,no_need
除了诺基亚的都可以,no_need
除了彩友乐的都可以,no_need
除了史历克的都可以,no_need
除了zte的都可以,no_need
除了劲码的都可以,no_need
除了blackberry的都可以,no_need
除了meitu的都可以,no_need
除了olympus的都可以,no_need
除了nokia的都可以,no_need
除了caiul的都可以,no_need
除了rog的都可以,no_need
除了海信的都可以,no_need
除了boe的都可以,no_need
除了索爱的都可以,no_need
除了莱彩的都可以,no_need
除了金立的都可以,no_need
除了k-touch的都可以,no_need
除了纽曼的都可以,no_need
除了佳能的都可以,no_need
除了kingma的都可以,no_need
除了米狗的都可以,no_need
除了哈苏的都可以,no_need
除了长城的都可以,no_need
除了飞利浦的都可以,no_need
除了黑鲨的都可以,no_need
除了insta360的都可以,no_need
除了伟易达的都可以,no_need
除了sony的都可以,no_need
除了sjcam的都可以,no_need
除了drift的都可以,no_need
除了meizu的都可以,no_need
除了yi的都可以,no_need
除了华为的都可以,no_need
除了smartisan的都可以,no_need
除了leica的都可以,no_need
除了三星的都可以,no_need
除了htc的都可以,no_need
除了正狗的都可以,no_need
除了panasonic的都可以,no_need
除了changhong的都可以,no_need
除了mijia的都可以,no_need
除了telesin和史历克都可以,no_need
除了hasselblad和vuze都可以,no_need
除了motorola和surewo都可以,no_need
除了联想和21ke都可以,no_need
除了宝丽莱和莱彩都可以,no_need
除了agm和insta360都可以,no_need
除了walmart和金立都可以,no_need
除了美图和彩友乐都可以,no_need
除了努比亚和htc都可以,no_need
除了huawei和尼康都可以,no_need
除了酷派和telesin都可以,no_need
除了泰科易和sjcam都可以,no_need
除了长虹和lomography都可以,no_need
除了21ke和纽曼都可以,no_need
除了gionee和长城都可以,no_need
除了canon和富士都可以,no_need
除了ricoh和魅族都可以,no_need
除了小蚁和8848都可以,no_need
除了卡西欧和360都可以,no_need
除了greatwall和诺基亚都可以,no_need
除了fugn和360都可以,no_need
除了魅族和小米都可以,no_need
除了sioeye和联想都可以,no_need
除了小默和gopro都可以,no_need
除了moov和21ke都可以,no_need
除了奥林巴斯和caiul都可以,no_need
除了apple和apple都可以,no_need
除了kandao和sony都可以,no_need
除了instax和沃尔玛都可以,no_need
除了徕卡和索尼都可以,no_need
除了casio和mijia都可以,no_need
除了360和卡西欧都可以,no_need
除了索尼和莱彩都可以,no_need
除了一加和一加都可以,no_need
除了lytro和宝丽莱都可以,no_need
除了松下和drift都可以,no_need
除了天语和奥林巴斯都可以,no_need
除了荣耀和samsung都可以,no_need
除了骁途和casio都可以,no_need
除了尼康和meitu都可以,no_need
除了shetu和史历克都可以,no_need
除了pentax和pentax都可以,no_need
除了polaroid和sigma都可以,no_need
除了samsung和米家都可以,no_need
除了philips和劲码都可以,no_need
除了xtu和newman都可以,no_need
除了宾得和rich都可以,no_need
除了vivo和rog都可以,no_need
除了适马和surewo都可以,no_need
除了富京和mijia都可以,no_need
除了surewo和努比亚都可以,no_need
除了gopro和徕卡都可以,no_need
除了8848和松下都可以,no_need
除了黑莓和insta360都可以,no_need
除了newman和哈苏都可以,no_need
除了vuze和vtech都可以,no_need
除了rich和htc都可以,no_need
除了hisense和telesin都可以,no_need
除了mi和panasonic都可以,no_need
除了摄徒和21ke都可以,no_need
除了锤子和casio都可以,no_need
除了c&c和小辣椒都可以,no_need
除了中兴和诺基亚都可以,no_need
除了守护宝和kingma都可以,no_need
除了nikon和pentax都可以,no_need
除了摩托罗拉和leica都可以,no_need
除了小米和ricoh都可以,no_need
除了萤石和yi都可以,no_need
除了理光和smartisan都可以,no_need
除了小辣椒和c&c都可以,no_need
除了lenovo和荣耀都可以,no_need
除了vtech和宾得都可以,no_need
除了nubia和oppo都可以,no_need
除了lomography和金立都可以,no_need
除了brinno和正狗都可以,no_need
除了sigma和fujifilm都可以,no_need
除了oppo和coolpad都可以,no_need
除了沃尔玛和instax都可以,no_need
除了fujifilm和lomography都可以,no_need
除了coolpad和brinno都可以,no_need
除了米家和尼康都可以,no_need
除了kodak和萤石都可以,no_need
除了富士和徕卡都可以,no_need
除了诺基亚和21ke都可以,no_need
除了彩友乐和小米都可以,no_need
除了史历克和drift都可以,no_need
除了zte和kandao都可以,no_need
除了劲码和casio都可以,no_need
除了blackberry和vuze都可以,no_need
除了meitu和huawei都可以,no_need
除了olympus和小蚁都可以,no_need
除了nokia和nokia都可以,no_need
除了caiul和佳能都可以,no_need
除了rog和vtech都可以,no_need
除了海信和blackberry都可以,no_need
除了boe和walmart都可以,no_need
除了索爱和8848都可以,no_need
除了莱彩和荣耀都可以,no_need
除了金立和21ke都可以,no_need
除了k-touch和gopro都可以,no_need
除了纽曼和boe都可以,no_need
除了佳能和oppo都可以,no_need
除了kingma和纽曼都可以,no_need
除了米狗和rog都可以,no_need
除了哈苏和宾得都可以,no_need
除了长城和一加都可以,no_need
除了飞利浦和荣耀都可以,no_need
除了黑鲨和理光都可以,no_need
除了insta360和佳能都可以,no_need
除了伟易达和ricoh都可以,no_need
除了sony和moov都可以,no_need
除了sjcam和walmart都可以,no_need
除了drift和motorola都可以,no_need
除了meizu和mijia都可以,no_need
除了yi和pentax都可以,no_need
除了华为和莱彩都可以,no_need
除了smartisan和agm都可以,no_need
除了leica和greatwall都可以,no_need
除了三星和rog都可以,no_need
除了htc和rich都可以,no_need
除了正狗和中兴都可以,no_need
除了panasonic和小蚁都可以,no_need
除了changhong和boe都可以,no_need
除了mijia和casio都可以,no_need
不喜欢telesin的,no_need
不喜欢hasselblad的,no_need
不喜欢motorola的,no_need
不喜欢联想的,no_need
不喜欢宝丽莱的,no_need
不喜欢agm的,no_need
不喜欢walmart的,no_need
不喜欢美图的,no_need
不喜欢努比亚的,no_need
不喜欢huawei的,no_need
不喜欢酷派的,no_need
不喜欢泰科易的,no_need
不喜欢长虹的,no_need
不喜欢21ke的,no_need
不喜欢gionee的,no_need
不喜欢canon的,no_need
不喜欢ricoh的,no_need
不喜欢小蚁的,no_need
不喜欢卡西欧的,no_need
不喜欢greatwall的,no_need
不喜欢fugn的,no_need
不喜欢魅族的,no_need
不喜欢sioeye的,no_need
不喜欢小默的,no_need
不喜欢moov的,no_need
不喜欢奥林巴斯的,no_need
不喜欢apple的,no_need
不喜欢kandao的,no_need
不喜欢instax的,no_need
不喜欢徕卡的,no_need
不喜欢casio的,no_need
不喜欢360的,no_need
不喜欢索尼的,no_need
不喜欢一加的,no_need
不喜欢lytro的,no_need
不喜欢松下的,no_need
不喜欢天语的,no_need
不喜欢荣耀的,no_need
不喜欢骁途的,no_need
不喜欢尼康的,no_need
不喜欢shetu的,no_need
不喜欢pentax的,no_need
不喜欢polaroid的,no_need
不喜欢samsung的,no_need
不喜欢philips的,no_need
不喜欢xtu的,no_need
不喜欢宾得的,no_need
不喜欢vivo的,no_need
不喜欢适马的,no_need
不喜欢富京的,no_need
不喜欢surewo的,no_need
不喜欢gopro的,no_need
不喜欢8848的,no_need
不喜欢黑莓的,no_need
不喜欢newman的,no_need
不喜欢vuze的,no_need
不喜欢rich的,no_need
不喜欢hisense的,no_need
不喜欢mi的,no_need
不喜欢摄徒的,no_need
不喜欢锤子的,no_need
不喜欢c&c的,no_need
不喜欢中兴的,no_need
不喜欢守护宝的,no_need
不喜欢nikon的,no_need
不喜欢摩托罗拉的,no_need
不喜欢小米的,no_need
不喜欢萤石的,no_need
不喜欢理光的,no_need
不喜欢小辣椒的,no_need
不喜欢lenovo的,no_need
不喜欢vtech的,no_need
不喜欢nubia的,no_need
不喜欢lomography的,no_need
不喜欢brinno的,no_need
不喜欢sigma的,no_need
不喜欢oppo的,no_need
不喜欢沃尔玛的,no_need
不喜欢fujifilm的,no_need
不喜欢coolpad的,no_need
不喜欢米家的,no_need
不喜欢kodak的,no_need
不喜欢富士的,no_need
不喜欢诺基亚的,no_need
不喜欢彩友乐的,no_need
不喜欢史历克的,no_need
不喜欢zte的,no_need
不喜欢劲码的,no_need
不喜欢blackberry的,no_need
不喜欢meitu的,no_need
不喜欢olympus的,no_need
不喜欢nokia的,no_need
不喜欢caiul的,no_need
不喜欢rog的,no_need
不喜欢海信的,no_need
不喜欢boe的,no_need
不喜欢索爱的,no_need
不喜欢莱彩的,no_need
不喜欢金立的,no_need
不喜欢k-touch的,no_need
不喜欢纽曼的,no_need
不喜欢佳能的,no_need
不喜欢kingma的,no_need
不喜欢米狗的,no_need
不喜欢哈苏的,no_need
不喜欢长城的,no_need
不喜欢飞利浦的,no_need
不喜欢黑鲨的,no_need
不喜欢insta360的,no_need
不喜欢伟易达的,no_need
不喜欢sony的,no_need
不喜欢sjcam的,no_need
不喜欢drift的,no_need
不喜欢meizu的,no_need
不喜欢yi的,no_need
不喜欢华为的,no_need
不喜欢smartisan的,no_need
不喜欢leica的,no_need
不喜欢三星的,no_need
不喜欢htc的,no_need
不喜欢正狗的,no_need
不喜欢panasonic的,no_need
不喜欢changhong的,no_need
不喜欢mijia的,no_need
不要telesin的,no_need
不要hasselblad的,no_need
不要motorola的,no_need
不要联想的,no_need
不要宝丽莱的,no_need
不要agm的,no_need
不要walmart的,no_need
不要美图的,no_need
不要努比亚的,no_need
不要huawei的,no_need
不要酷派的,no_need
不要泰科易的,no_need
不要长虹的,no_need
不要21ke的,no_need
不要gionee的,no_need
不要canon的,no_need
不要ricoh的,no_need
不要小蚁的,no_need
不要卡西欧的,no_need
不要greatwall的,no_need
不要fugn的,no_need
不要魅族的,no_need
不要sioeye的,no_need
不要小默的,no_need
不要moov的,no_need
不要奥林巴斯的,no_need
不要apple的,no_need
不要kandao的,no_need
不要instax的,no_need
不要徕卡的,no_need
不要casio的,no_need
不要360的,no_need
不要索尼的,no_need
不要一加的,no_need
不要lytro的,no_need
不要松下的,no_need
不要天语的,no_need
不要荣耀的,no_need
不要骁途的,no_need
不要尼康的,no_need
不要shetu的,no_need
不要pentax的,no_need
不要polaroid的,no_need
不要samsung的,no_need
不要philips的,no_need
不要xtu的,no_need
不要宾得的,no_need
不要vivo的,no_need
不要适马的,no_need
不要富京的,no_need
不要surewo的,no_need
不要gopro的,no_need
不要8848的,no_need
不要黑莓的,no_need
不要newman的,no_need
不要vuze的,no_need
不要rich的,no_need
不要hisense的,no_need
不要mi的,no_need
不要摄徒的,no_need
不要锤子的,no_need
不要c&c的,no_need
不要中兴的,no_need
不要守护宝的,no_need
不要nikon的,no_need
不要摩托罗拉的,no_need
不要小米的,no_need
不要萤石的,no_need
不要理光的,no_need
不要小辣椒的,no_need
不要lenovo的,no_need
不要vtech的,no_need
不要nubia的,no_need
不要lomography的,no_need
不要brinno的,no_need
不要sigma的,no_need
不要oppo的,no_need
不要沃尔玛的,no_need
不要fujifilm的,no_need
不要coolpad的,no_need
不要米家的,no_need
不要kodak的,no_need
不要富士的,no_need
不要诺基亚的,no_need
不要彩友乐的,no_need
不要史历克的,no_need
不要zte的,no_need
不要劲码的,no_need
不要blackberry的,no_need
不要meitu的,no_need
不要olympus的,no_need
不要nokia的,no_need
不要caiul的,no_need
不要rog的,no_need
不要海信的,no_need
不要boe的,no_need
不要索爱的,no_need
不要莱彩的,no_need
不要金立的,no_need
不要k-touch的,no_need
不要纽曼的,no_need
不要佳能的,no_need
不要kingma的,no_need
不要米狗的,no_need
不要哈苏的,no_need
不要长城的,no_need
不要飞利浦的,no_need
不要黑鲨的,no_need
不要insta360的,no_need
不要伟易达的,no_need
不要sony的,no_need
不要sjcam的,no_need
不要drift的,no_need
不要meizu的,no_need
不要yi的,no_need
不要华为的,no_need
不要smartisan的,no_need
不要leica的,no_need
不要三星的,no_need
不要htc的,no_need
不要正狗的,no_need
不要panasonic的,no_need
不要changhong的,no_need
不要mijia的,no_need
不要telesin或者尼康的,no_need
不要hasselblad或者shetu的,no_need
不要motorola或者zte的,no_need
不要联想或者宾得的,no_need
不要宝丽莱或者长城的,no_need
不要agm或者泰科易的,no_need
不要walmart或者canon的,no_need
不要美图或者meizu的,no_need
不要努比亚或者sioeye的,no_need
不要huawei或者blackberry的,no_need
不要酷派或者newman的,no_need
不要泰科易或者海信的,no_need
不要长虹或者blackberry的,no_need
不要21ke或者panasonic的,no_need
不要gionee或者mi的,no_need
不要canon或者奥林巴斯的,no_need
不要ricoh或者walmart的,no_need
不要小蚁或者kandao的,no_need
不要卡西欧或者sjcam的,no_need
不要greatwall或者htc的,no_need
不要fugn或者pentax的,no_need
不要魅族或者彩友乐的,no_need
不要sioeye或者zte的,no_need
不要小默或者c&c的,no_need
不要moov或者vuze的,no_need
不要奥林巴斯或者正狗的,no_need
不要apple或者天语的,no_need
不要kandao或者诺基亚的,no_need
不要instax或者nikon的,no_need
不要徕卡或者宝丽莱的,no_need
不要casio或者sioeye的,no_need
不要360或者insta360的,no_need
不要索尼或者锤子的,no_need
不要一加或者适马的,no_need
不要lytro或者moov的,no_need
不要松下或者魅族的,no_need
不要天语或者理光的,no_need
不要荣耀或者nokia的,no_need
不要骁途或者mijia的,no_need
不要尼康或者rog的,no_need
不要shetu或者newman的,no_need
不要pentax或者vuze的,no_need
不要polaroid或者米家的,no_need
不要samsung或者meizu的,no_need
不要philips或者哈苏的,no_need
不要xtu或者飞利浦的,no_need
不要宾得或者meizu的,no_need
不要vivo或者walmart的,no_need
不要适马或者lytro的,no_need
不要富京或者canon的,no_need
不要surewo或者htc的,no_need
不要gopro或者尼康的,no_need
不要8848或者360的,no_need
不要黑莓或者vivo的,no_need
不要newman或者纽曼的,no_need
不要vuze或者rich的,no_need
不要rich或者彩友乐的,no_need
不要hisense或者hisense的,no_need
不要mi或者富士的,no_need
不要摄徒或者奥林巴斯的,no_need
不要锤子或者索尼的,no_need
不要c&c或者blackberry的,no_need
不要中兴或者努比亚的,no_need
不要守护宝或者适马的,no_need
不要nikon或者newman的,no_need
不要摩托罗拉或者philips的,no_need
不要小米或者c&c的,no_need
不要萤石或者agm的,no_need
不要理光或者rog的,no_need
不要小辣椒或者诺基亚的,no_need
不要lenovo或者coolpad的,no_need
不要vtech或者vivo的,no_need
不要nubia或者索尼的,no_need
不要lomography或者米狗的,no_need
不要brinno或者kodak的,no_need
不要sigma或者samsung的,no_need
不要oppo或者魅族的,no_need
不要沃尔玛或者nokia的,no_need
不要fujifilm或者walmart的,no_need
不要coolpad或者荣耀的,no_need
不要米家或者彩友乐的,no_need
不要kodak或者彩友乐的,no_need
不要富士或者适马的,no_need
不要诺基亚或者黑莓的,no_need
不要彩友乐或者newman的,no_need
不要史历克或者olympus的,no_need
不要zte或者olympus的,no_need
不要劲码或者联想的,no_need
不要blackberry或者nokia的,no_need
不要meitu或者insta360的,no_need
不要olympus或者小辣椒的,no_need
不要nokia或者k-touch的,no_need
不要caiul或者vuze的,no_need
不要rog或者shetu的,no_need
不要海信或者索爱的,no_need
不要boe或者changhong的,no_need
不要索爱或者boe的,no_need
不要莱彩或者nikon的,no_need
不要金立或者vtech的,no_need
不要k-touch或者boe的,no_need
不要纽曼或者中兴的,no_need
不要佳能或者olympus的,no_need
不要kingma或者apple的,no_need
不要米狗或者fugn的,no_need
不要哈苏或者lomography的,no_need
不要长城或者zte的,no_need
不要飞利浦或者华为的,no_need
不要黑鲨或者守护宝的,no_need
不要insta360或者劲码的,no_need
不要伟易达或者kandao的,no_need
不要sony或者萤石的,no_need
不要sjcam或者8848的,no_need
不要drift或者kandao的,no_need
不要meizu或者telesin的,no_need
不要yi或者宾得的,no_need
不要华为或者huawei的,no_need
不要smartisan或者hisense的,no_need
不要leica或者rog的,no_need
不要三星或者surewo的,no_need
不要htc或者酷派的,no_need
不要正狗或者小辣椒的,no_need
不要panasonic或者canon的,no_need
不要changhong或者nokia的,no_need
不要mijia或者小蚁的,no_need
只要不是telesin的就可以,no_need
只要不是hasselblad的就可以,no_need
只要不是motorola的就可以,no_need
只要不是联想的就可以,no_need
只要不是宝丽莱的就可以,no_need
只要不是agm的就可以,no_need
只要不是walmart的就可以,no_need
只要不是美图的就可以,no_need
只要不是努比亚的就可以,no_need
只要不是huawei的就可以,no_need
只要不是酷派的就可以,no_need
只要不是泰科易的就可以,no_need
只要不是长虹的就可以,no_need
只要不是21ke的就可以,no_need
只要不是gionee的就可以,no_need
只要不是canon的就可以,no_need
只要不是ricoh的就可以,no_need
只要不是小蚁的就可以,no_need
只要不是卡西欧的就可以,no_need
只要不是greatwall的就可以,no_need
只要不是fugn的就可以,no_need
只要不是魅族的就可以,no_need
只要不是sioeye的就可以,no_need
只要不是小默的就可以,no_need
只要不是moov的就可以,no_need
只要不是奥林巴斯的就可以,no_need
只要不是apple的就可以,no_need
只要不是kandao的就可以,no_need
只要不是instax的就可以,no_need
只要不是徕卡的就可以,no_need
只要不是casio的就可以,no_need
只要不是360的就可以,no_need
只要不是索尼的就可以,no_need
只要不是一加的就可以,no_need
只要不是lytro的就可以,no_need
只要不是松下的就可以,no_need
只要不是天语的就可以,no_need
只要不是荣耀的就可以,no_need
只要不是骁途的就可以,no_need
只要不是尼康的就可以,no_need
只要不是shetu的就可以,no_need
只要不是pentax的就可以,no_need
只要不是polaroid的就可以,no_need
只要不是samsung的就可以,no_need
只要不是philips的就可以,no_need
只要不是xtu的就可以,no_need
只要不是宾得的就可以,no_need
只要不是vivo的就可以,no_need
只要不是适马的就可以,no_need
只要不是富京的就可以,no_need
只要不是surewo的就可以,no_need
只要不是gopro的就可以,no_need
只要不是8848的就可以,no_need
只要不是黑莓的就可以,no_need
只要不是newman的就可以,no_need
只要不是vuze的就可以,no_need
只要不是rich的就可以,no_need
只要不是hisense的就可以,no_need
只要不是mi的就可以,no_need
只要不是摄徒的就可以,no_need
只要不是锤子的就可以,no_need
只要不是c&c的就可以,no_need
只要不是中兴的就可以,no_need
只要不是守护宝的就可以,no_need
只要不是nikon的就可以,no_need
只要不是摩托罗拉的就可以,no_need
只要不是小米的就可以,no_need
只要不是萤石的就可以,no_need
只要不是理光的就可以,no_need
只要不是小辣椒的就可以,no_need
只要不是lenovo的就可以,no_need
只要不是vtech的就可以,no_need
只要不是nubia的就可以,no_need
只要不是lomography的就可以,no_need
只要不是brinno的就可以,no_need
只要不是sigma的就可以,no_need
只要不是oppo的就可以,no_need
只要不是沃尔玛的就可以,no_need
只要不是fujifilm的就可以,no_need
只要不是coolpad的就可以,no_need
只要不是米家的就可以,no_need
只要不是kodak的就可以,no_need
只要不是富士的就可以,no_need
只要不是诺基亚的就可以,no_need
只要不是彩友乐的就可以,no_need
只要不是史历克的就可以,no_need
只要不是zte的就可以,no_need
只要不是劲码的就可以,no_need
只要不是blackberry的就可以,no_need
只要不是meitu的就可以,no_need
只要不是olympus的就可以,no_need
只要不是nokia的就可以,no_need
只要不是caiul的就可以,no_need
只要不是rog的就可以,no_need
只要不是海信的就可以,no_need
只要不是boe的就可以,no_need
只要不是索爱的就可以,no_need
只要不是莱彩的就可以,no_need
只要不是金立的就可以,no_need
只要不是k-touch的就可以,no_need
只要不是纽曼的就可以,no_need
只要不是佳能的就可以,no_need
只要不是kingma的就可以,no_need
只要不是米狗的就可以,no_need
只要不是哈苏的就可以,no_need
只要不是长城的就可以,no_need
只要不是飞利浦的就可以,no_need
只要不是黑鲨的就可以,no_need
只要不是insta360的就可以,no_need
只要不是伟易达的就可以,no_need
只要不是sony的就可以,no_need
只要不是sjcam的就可以,no_need
只要不是drift的就可以,no_need
只要不是meizu的就可以,no_need
只要不是yi的就可以,no_need
只要不是华为的就可以,no_need
只要不是smartisan的就可以,no_need
只要不是leica的就可以,no_need
只要不是三星的就可以,no_need
只要不是htc的就可以,no_need
只要不是正狗的就可以,no_need
只要不是panasonic的就可以,no_need
只要不是changhong的就可以,no_need
只要不是mijia的就可以,no_need
入门级,need
高级,need
初级,need
中级,need
入门级入门级,need
高级中级,need
初级初级,need
中级入门级,need
只要入门级的,need
只要高级的,need
只要初级的,need
只要中级的,need
入门级或者高级的,need
高级或者中级的,need
初级或者中级的,need
中级或者中级的,need
入门级和入门级都可以,need
高级和高级都可以,need
初级和入门级都可以,need
中级和初级都可以,need
想买一台入门级的相机,need
想买一台高级的相机,need
想买一台初级的相机,need
想买一台中级的相机,need
买一台入门级或者高级的相机,need
买一台高级或者初级的相机,need
买一台初级或者高级的相机,need
买一台中级或者中级的相机,need
比较喜欢入门级的相机,need
比较喜欢高级的相机,need
比较喜欢初级的相机,need
比较喜欢中级的相机,need
比较喜欢入门级的微单,need
比较喜欢高级的微单,need
比较喜欢初级的微单,need
比较喜欢中级的微单,need
有没有入门级的,need
有没有高级的,need
有没有初级的,need
有没有中级的,need
想要入门级的,need
想要高级的,need
想要初级的,need
想要中级的,need
入门级的相机不错,need
高级的相机不错,need
初级的相机不错,need
中级的相机不错,need
推荐一台入门级的相机,need
推荐一台高级的相机,need
推荐一台初级的相机,need
推荐一台中级的相机,need
推荐一下入门级的相机,need
推荐一下高级的相机,need
推荐一下初级的相机,need
推荐一下中级的相机,need
不要入门级的就可以,no_need
不要高级的就可以,no_need
不要初级的就可以,no_need
不要中级的就可以,no_need
不要入门级的,no_need
不要高级的,no_need
不要初级的,no_need
不要中级的,no_need
除了入门级的都可以,no_need
除了高级的都可以,no_need
除了初级的都可以,no_need
除了中级的都可以,no_need
不喜欢入门级的,no_need
不喜欢高级的,no_need
不喜欢初级的,no_need
不喜欢中级的,no_need
不要入门级的,no_need
不要高级的,no_need
不要初级的,no_need
不要中级的,no_need
只要不是入门级的就可以,no_need
只要不是高级的就可以,no_need
只要不是初级的就可以,no_need
只要不是中级的就可以,no_need
中画幅,need
全画幅,need
aps-c画幅,need
只要中画幅的,need
只要全画幅的,need
只要aps-c画幅的,need
中画幅或者中画幅的,need
全画幅或者全画幅的,need
aps-c画幅或者aps-c画幅的,need
中画幅和aps-c画幅都可以,need
全画幅和中画幅都可以,need
aps-c画幅和全画幅都可以,need
想买一台中画幅的相机,need
想买一台全画幅的相机,need
想买一台aps-c画幅的相机,need
买一台中画幅或者aps-c画幅的相机,need
买一台全画幅或者aps-c画幅的相机,need
买一台aps-c画幅或者中画幅的相机,need
比较喜欢中画幅的相机,need
比较喜欢全画幅的相机,need
比较喜欢aps-c画幅的相机,need
比较喜欢中画幅的微单,need
比较喜欢全画幅的微单,need
比较喜欢aps-c画幅的微单,need
有没有中画幅的,need
有没有全画幅的,need
有没有aps-c画幅的,need
想要中画幅的,need
想要全画幅的,need
想要aps-c画幅的,need
中画幅的相机不错,need
全画幅的相机不错,need
aps-c画幅的相机不错,need
推荐一台中画幅的相机,need
推荐一台全画幅的相机,need
推荐一台aps-c画幅的相机,need
推荐一下中画幅的相机,need
推荐一下全画幅的相机,need
推荐一下aps-c画幅的相机,need
不要中画幅的就可以,no_need
不要全画幅的就可以,no_need
不要aps-c画幅的就可以,no_need
不要中画幅的,no_need
不要全画幅的,no_need
不要aps-c画幅的,no_need
除了中画幅的都可以,no_need
除了全画幅的都可以,no_need
除了aps-c画幅的都可以,no_need
不喜欢中画幅的,no_need
不喜欢全画幅的,no_need
不喜欢aps-c画幅的,no_need
不要中画幅的,no_need
不要全画幅的,no_need
不要aps-c画幅的,no_need
只要不是中画幅的就可以,no_need
只要不是全画幅的就可以,no_need
只要不是aps-c画幅的就可以,no_need
