产品类型,价格,传感器尺寸,传感器描述,传感器类型,型号,快门类型,显示屏类型,最高分辨率,有效像素
微单,1.5万,全画幅（36*24mm）,"长宽比：3:2
除尘功能：自动，手动，添加除尘数据",CMOS,佳能EOS R(单机),电子控制焦平面快门,翻转触摸屏,6720×4480,3030万
微单,8999,全画幅（35.9*24mm）,"长宽比：3:2
除尘功能：自动、添加除尘数据",CMOS（支持全像素双核CMOS AF）,佳能EOS RP,电子控制焦平面快门,触摸屏，翻转屏,6240×4160,2620万
高端单反,9299,全画幅（35.9*24mm）,,CMOS,佳能6D Mark II(单机),电子控制纵走式焦平面快门,触摸屏,6240×4160,2620万
高端单反,1.58万,全画幅（36*24mm）,,CMOS,佳能5D Mark IV(单机),电子控制焦平面快门,触摸屏,6720×4480,3040万
微单,2.39万,35.9x23.9mm,图像传感器格式：FX,CMOS,尼康Z7(单机),,触摸屏,,4575万
微单,9490,,"带原色滤镜的23.5mm×15.6mm(APS-C) X-Trans CMOS 4
传感器清洁系统：超声波振动",CMOS,富士X-T3(单机),焦平面快门,触摸彩色液晶显示屏（约100％视野率）,,2610万
入门单反,3699,APS-C画幅（22.3*14.9mm）,,CMOS,佳能EOS 200D套机(18-55mm IS STM),电子控制纵走式焦平面快门,触摸屏，旋转屏,6000×4000,2420万
微单,3599,APS-C画幅（22.3*14.9mm）,"长宽比：3:2
防尘功能：自动，手动，添加除尘数据",CMOS,佳能EOS M50(单机),电子控制焦平面快门,旋转屏，触摸屏,,2410万
高端单反,2.18万,全画幅（35.9*23.9mm）,,CMOS,尼康D850(单机),电子控制纵走式焦平面快门,触摸屏，旋转屏,8256×5504,4575万
微单,1.34万,全画幅,,背照式CMOS,索尼A7 III(单机),机械电子快门,触摸屏,,2420万
微单,1.63万,35.9x23.9mm,图像传感器格式：FX,CMOS,尼康Z6,,翻转触控屏,,2450万
微单,1.75万,全画幅（35.9*24mm）,,Exmor R CMOS,索尼A7RIII(单机),电子控制纵走式焦平面快门,触摸屏，旋转屏,,4240万
三防,3.98万,,,CMOS,徕卡Q2,机械快门，电子快门或混合选择,高清屏，触摸屏,8368×5584,4730万
微单,4649,APS-C画幅（23.5*15.6mm）,,Exmor CMOS sensor,索尼A6300(单机),电子控制纵走式焦平面快门,旋转屏,6000×4000,2420万
消费，卡片,7649,1英寸,Exmor RS CMOS 传感器,CMOS,索尼RX100 VI,触摸快门,,,2010万
微单,1.02万,全画幅（35.9*24mm）,长宽比：3：2,Exmor R CMOS,索尼A7RII(单机),电子控制纵走式焦平面快门,旋转屏,,4240万
微单,1.58万,全画幅（35.6*23.8mm）,,Exmor CMOS,索尼A7SII(单机),电子控制纵走式焦平面快门,翻转屏，高清屏,4240×2832,1220万
微单，无反,6100,APS画幅,"APS-C X-Trans CMOS 4
传感器清洁系统：超声波振动",CMOS,富士X-T30(单机),机械快门,触控翻折屏,,2610万
高端单反,1.13万,全画幅（35.9*24mm）,清洁影像传感器，图像除尘参考数据（需要“捕影工匠”软件）,CMOS,尼康D810(单机),电子控制纵走式焦平面快门，电子前帘快门（适用于反光板弹起释放模式）,高清屏,7360×4912,3635万
高端单反,8999,全画幅（35.9*24mm）,清洁影像传感器、图像除尘参考数据（需要捕影工匠软件）,CMOS,尼康D750(单机),电子控制纵走式焦平面快门,翻转屏，高清屏,6016×4016,2432万
微单,3.37万,全画幅,,CMOS,徕卡Q(Typ 116),机械电子快门,,,2420万
微单,4299,APS-C画幅（22.3*14.9mm）,"长宽比：3:2
防尘功能：自动，手动，添加除尘数据",CMOS,佳能EOS M50套机(EF-M 15-45mm IS STM),电子控制焦平面快门,旋转屏，触摸屏,,2410万
微单,7499,全画幅（35.8*23.9mm）,,Exmor CMOS,索尼A7 II(单机),电子控制纵走式焦平面快门,旋转屏，高清屏,6000×4000,2430万
卡片，消费，三防,4499,1英寸（13.2*8.8mm）,,Exmor RS CMOS,索尼DSC-RX0M2,电子快门,旋转屏（上翻180度，下翻90度）,4800×3200,1530万
消费，卡片,3999,1英寸,,CMOS,佳能G7 X Mark II,,触摸屏，旋转屏，高清屏,5472×3648,2010万
入门单反,2649,APS画幅（23.5*15.6mm）,图像传感器清洁，气流控制系统，图像除尘参考数据（需搭配另购的Capture NX 2 软件）,CMOS,尼康D5300(单机),电子控制纵走式焦平面快门,旋转屏，高清屏,,2416万
微单,6899,APS-C画幅（23.5*15.6mm）,,Exmor CMOS sensor,索尼A6400(单机),电子控制纵走式焦平面快门,旋转屏,6000×4000,2420万
中端单反,4349,APS画幅（23.5*15.6mm）,,CMOS,尼康D7200(单机),电子控制纵走式焦平面快门,高清屏,6000×4000,2416万
微单,3599,APS-C画幅（22.3*14.9mm）,,CMOS,佳能EOS M6套机(15-45mm IS STM),电子控制纵走式焦平面快门,触摸屏，旋转屏,6000×4000,2420万
高端单反,6178,全画幅（35.8*23.9mm）,自动，手动，添加除尘数据,CMOS,佳能6D(单机),电子控制焦平面快门,高清屏,5472×3648,2020万
微单,3099,APS画幅（23.5*15.6mm）,,Exmor APS HD CMOS,索尼ILCE-6000(单机),电子控制纵走式焦平面快门,高清屏，翻转屏,6000×4000,2430万
微单,1.64万,全画幅（35.6*23.8mm）,,CMOS,松下LUMIX S1（单机）,,三向翻转屏幕,,2400万
中端单反,6599,APS画幅（22.3*14.9mm）,,CMOS,佳能80D(单机),电子控制纵走式焦平面快门,触摸屏，旋转屏,6000×4000,2420万
消费，卡片，长焦,1.08万,1英寸（13.2*8.8mm）,,Exmor RS CMOS,索尼RX10 IV,电子快门,旋转屏,5472×3648,2010万
微单,2.92万,中画幅（43.8*32.9mm）,,CMOS,富士GFX 50R,焦平面快门,触摸屏,,5000万
高端单反,1.63万,全画幅（36*24mm）,自动，手动，添加除尘数据,CMOS,佳能5D Mark III(单机),电子控制焦平面快门,高清屏,5760×3840,2230万
消费，长焦,即将上市,,,Live MOS,松下FZ1000 II,机械电子快门,旋转屏，高清屏，触摸屏,4608×3456,2010万
中端单反,5399,APS画幅（22.5*15mm）,除尘功能：自动，手动，添加除尘数据,CMOS,佳能70D(单机),电子控制焦平面快门,触摸屏，旋转屏，高清屏,5472×3648,2020万
高端单反,5699,全画幅（35.9*24mm）,清洁图像传感器、图像除尘参考数据（需要另购的Capture NX 2 软件）,CMOS,尼康D610(单机),电子控制纵走式焦平面快门,高清屏,6016×4016,2426万
消费，卡片,6999,APS-C画幅,,CMOS,佳能G1 X Mark III,,,6000×4000,2420万
卡片，消费,2149,1英寸（13.2*8.8mm）,,Exmor CMOS,索尼RX100,,,5472×3648,2020万
入门单反,4499,APS-C画幅（22.3*14.9mm）,,CMOS,佳能800D(单机),电子控制纵走式焦平面快门,触摸屏,6000×4000,2420万
微单,7130,APS-C画幅（23.5*15.6mm）,,Exmor CMOS,索尼A6500（单机）,电子控制纵走式焦平面快门,触摸屏，旋转屏,6000×4000,2420万
高端单反,3.37万,全画幅（35.9*23.9mm）,,CMOS,尼康D5(单机),电子控制纵走式焦平面快门,触摸屏,5568×3712,2082万
微单,2999,APS-C画幅（22.3*14.9mm）,,CMOS,佳能EOS M6(单机),电子控制纵走式焦平面快门,触摸屏，旋转屏,6000×4000,2420万
微单,2.42万,全画幅（36*24mm）,,CMOS,松下LUMIX S1R（单机）,,三向翻转屏幕,,4700万
高端单反,8499,全画幅（35.9*24mm）,清洁图像传感器，图像除尘参考数据（需要另购的Capture NX 2软件））,CMOS,尼康D800(单机),电子控制纵走式焦平面快门,高清屏,7360×4912,3630万
微单,1.62万,35.9*24mm,"长宽比：3:2
除尘功能：自动、添加除尘数据",CMOS（支持全像素双核CMOS AF）,佳能EOS RP套机（FR24-105mm f/4）,电子控制焦平面快门,触摸屏,6240×4160,2620万
微单,2879,APS-C画幅（22.3*14.9mm）,,CMOS,佳能EOS M100套机(15-45mm IS STM),电子控制纵走式焦平面快门,触摸屏，旋转屏,6000×4000,2420万
,即将上市,（1/2.3）英寸,,,松下TZ95（ZS80）,机械电子快门,触摸屏，翻转屏,,2030万
微单,7490,APS-C画幅（23.6*15.6mm）,,X-Trans CMOS III,富士X-T2(单机),电子控制纵走式焦平面快门,旋转屏,6000×4000,2430万
微单,1.1万,4/3画幅（17.3*13mm）,,Live MOS,松下GH5(单机),电子控制纵走式焦平面快门,触摸屏,,2030万
中端单反,8399,APS画幅（22.3*14.9mm）,,CMOS,佳能80D套机(EF-S 18-135mm IS USM),电子控制纵走式焦平面快门,触摸屏，旋转屏,6000×4000,2420万
中端单反,4599,APS-C画幅（22.3*14.9mm）,,CMOS,佳能EOS 77D(单机),电子控制纵走式焦平面快门,触摸屏,6000×4000,2420万
高端单反,5.65万,全画幅（35.9*23.9mm）,,CMOS,尼康D850套机(14-24mm f/2.8G，24-70mm f/2.8E VR， 70-200mm f/2.8E VR),电子控制纵走式焦平面快门,触摸屏，旋转屏,8256×5504,4575万
消费，卡片,即将上市,23.5×15.6mm,,CMOS,理光GR III,,触摸屏,6000×4000,2400万
消费，卡片,3598,1英寸,,CMOS,松下LX10,,触摸屏，旋转屏，高清屏,5472×3648,2010万
高端单反,3.6万,全画幅（35.9*23.9mm）,长宽比：3:2,CMOS,佳能EOS-1D X Mark II(单机),电子控制纵走式焦平面快门,触摸屏,5472×3648,2020万
微单,1.9万,,全画幅CMOS,CMOS,佳能EOS R套机(RF 24-105mm F4 IS USM),,翻转触摸屏,,3030万
微单,5999,全画幅（35.8*23.9mm）,,Exmor CMOS,索尼ILCE-7(单机),电子控制纵走式焦平面快门,旋转屏，高清屏,6000×4000,2430万
高端单反,8999,APS-C画幅（23.5*15.7mm）,,CMOS,尼康D500(单机),电子控制纵走式焦平面快门,触摸屏，翻折屏,5568×3712,2088万
入门单反,1999,APS画幅（23.5*15.6mm）,,CMOS,尼康D3400(单机),电子控制纵走式焦平面快门,,,2416万
消费，专业,6299,1/2.3英寸,6.2×4.7mm,CMOS,尼康P1000,机械和CMOS电子快门,宽视角TFT LCD显示屏，带防反射涂层和5档亮度调节，可翻转TFT LCD显示屏,,1605万
卡片，消费，专业,3699,1英寸（13.2*8.8mm）,,Exmor R CMOS,索尼RX100 III,,翻转屏,5472×3648,2010万
中端单反,8399,APS画幅（22.3*14.9mm）,,CMOS,佳能80D套机(EF-S 18-200mm IS),电子控制纵走式焦平面快门,触摸屏，旋转屏,6000×4000,2420万
入门单反,2199,APS画幅（23.2*15.4mm）,影像感应器清洁，影像除尘参照数据（需要可选择的Capture NX 2软件）,CMOS,尼康D3200(单机),电子控制纵走式焦平面快门,高清屏,6016×4000,2416万
消费，长焦,2299,1/2.3英寸,,Exmor R CMOS,索尼HX400,,旋转屏，高清屏,5184×3456,2040万
高端单反,2.2万,全画幅（36*24mm）,,CMOS,佳能5D Mark IV套机(24-105mm),电子控制纵走式焦平面快门,触摸屏,6720×4480,3040万
微单,2.35万,全画幅（35.9*24mm）,,Exmor R CMOS,索尼A7RIII套机(FE 24-70mm GM),电子控制纵走式焦平面快门,触摸屏，旋转屏,,4240万
微单,5199,APS-C画幅（23.6*15.6mm）,,X-Trans CMOS III,富士X-T20(单机),电子控制纵走式焦平面快门,旋转屏,,2430万
高端单反,1.5万,全画幅（36*24mm）,自动，手动，添加除尘数据,CMOS,佳能5Ds R(单机),电子控制焦平面快门,高清屏,8688×5792,5060万
消费，广角,8999,4/3英寸,原色滤镜,CMOS,徕卡D-lux7,机械快门，电子快门,高清屏,3648×2736,1700万
中端单反,8499,APS-C画幅（22.4*15mm）,自动，手动，添加除尘数据,CMOS,佳能7D Mark II(单机),电子控制焦平面快门,高清屏,5472×3648,2020万
消费，专业,1.97万,3/2全画幅（35.9*24.0mm）,,Exmor R CMOS,索尼RX1R II,,旋转屏,,4240万
卡片,4079,23.7×15.7mm,,CMOS,理光GR II,,高清屏,,1620万
微单,2448,APS画幅（23.5*15.6mm）,,Exmor APS HD CMOS,索尼ILCE-5100套机(16-50mm),电子控制纵走式焦平面快门,触摸屏，翻转屏，高清屏,,2430万
旁轴数码,5.3万,24×36mm,全画幅CMOS传感器,CMOS,徕卡M10(单机),,,5976×3992,2400万
消费，长焦,8999,1英寸（13.2*8.8mm）,,Exmor RS CMOS,索尼RX10 III,电子快门,旋转屏,5472×3648,2010万
高端单反,38万,中画幅（53.4*40.0mm）,,CMOS,哈苏H6D-400C MS,,触摸屏,,40000万
中端单反,8999,APS-C画幅（23.5*15.7mm）,,CMOS,尼康D7500套机(18-140mm ED VR),电子控制纵走式焦平面快门，电子前帘快门（适用于反光板弹起释放模式）,触摸屏，旋转屏,5568×3712,2088万
高端单反,1.5万,全画幅（35.9*24mm）,,CMOS,佳能6D Mark II套机(24-105mm II USM),电子控制纵走式焦平面快门,触摸屏,6240×4160,2620万
微单,2.45万,全画幅（35.6*23.8mm）,,Exmor RS CMOS,索尼ILCE-9(单机),电子控制纵走式焦平面快门,触摸屏，旋转屏,6000×4000,2420万
入门单反,6599,APS-C画幅（22.3*14.9mm）,,CMOS,佳能800D套机(18-135mm IS STM),电子控制纵走式焦平面快门,触摸屏,6000×4000,2420万
消费，卡片,5488,1英寸（13.2*8.8mm）,,Exmor RS CMOS,索尼RX100 V,电子快门,旋转屏,5472×3648,2010万
入门单反,3599,APS画幅（23.5*15.6mm）,,CMOS,尼康D5600(单机),电子控制纵走式焦平面快门,触摸屏，旋转屏,6000×4000,2416万
卡片,7499,APS-C画幅（23.6*15.6mm）,,X-Trans CMOS III,富士X100F,,,6000×4000,2430万
微单,3999,APS-C画幅（22.3*14.9mm）,,CMOS,佳能EOS M5(单机),电子控制纵走式焦平面快门,触摸屏，旋转屏,,2420万
入门单反,3799,APS画幅（22.3*14.9mm）,除尘功能：自动，手动，添加除尘数据,CMOS,佳能750D(单机),电子控制焦平面快门,高清屏,6000×4000,2420万
消费，长焦,3679,1/2.3英寸,,CMOS,尼康P900s,机械电子快门,旋转屏，高清屏,4608×3456,1605万
微单,2200,APS-C画幅（22.3*14.9mm）,,CMOS,佳能EOS M100(单机),电子控制纵走式焦平面快门,触摸屏，旋转屏,6000×4000,2420万
中端单反,5849,APS画幅（23.5*15.6mm）,,CMOS,尼康D7200套机(18-140mm),电子控制纵走式焦平面快门,高清屏,6000×4000,2416万
高端单反,9900,全画幅（35.9*24mm）,清洁图像传感器，图像除尘参考数据（需要另购的Capture NX 2软件））,CMOS,尼康D800E(单机),电子控制纵走式焦平面快门,高清屏,7360×4912,3630万
微单,5299,APS-C画幅（22.3*14.9mm）,,CMOS,佳能EOS M6套机(18-150mm IS STM),电子控制纵走式焦平面快门,触摸屏，旋转屏,6000×4000,2420万
微单,1.12万,APS-C画幅（23.5*15.6mm）,,X-Trans CMOS III,富士X-H1,电子控制纵走式焦平面快门,触摸屏,,2430万
高端单反,14.55万,中画幅（30*45mm）,,CMOS,徕卡S(Typ 007),,高清屏,,3750万
高端单反,1.23万,全画幅（36*24mm）,自动，手动，添加除尘数据,CMOS,佳能5Ds(单机),电子控制焦平面快门,高清屏,,5060万
入门单反,4699,APS-C画幅（22.3*14.9mm）,,CMOS,佳能800D套机(18-55mm IS STM),电子控制纵走式焦平面快门,触摸屏,6000×4000,2420万
消费，卡片，专业,3829,1英寸（13.2*8.8mm）,,CMOS,佳能G7 X,,翻转屏,5472×3648,2020万
入门单反,2780,APS-C画幅,,CMOS,尼康D3500(单机),,,,2400万
消费，长焦,2299,1/2.3英寸,,背照式CMOS,佳能SX60 HS,,旋转屏，高清屏,4608×3456,1610万
消费，长焦，广角,4799,1英寸（13.2*8.8mm）,,背照式CMOS（Exmor R CMOS）,索尼RX10,,旋转屏，高清屏,5472×3648,2020万
入门单反,2679,APS画幅（23.5*15.6mm）,清洁图像传感器、图像除尘参考数据（需要另购的Capture NX 2 软件）,CMOS,尼康D5200(单机),电子控制纵走式焦平面快门,旋转屏，高清屏,,2410万
高端单反,1.79万,全画幅（36*23.9mm）,图像传感器清洁、图像除尘参考数据（需搭配另购的Capture NX 2 软件）,CMOS,尼康D4(单机),电子控制纵走式焦平面快门,,4928×3280,1625万
高端单反,2.14万,全画幅（36.0*23.9mm）,清洁影像传感器、图像除尘参考数据,,尼康D4s(单机),,高清屏,4928×3280,1623万
微单,4.62万,全画幅（24*36mm）,,CMOS,徕卡SL(Typ 601),,触摸屏,6000×4000,2400万
高端单反,9999,全画幅（35.9*24mm）,,CMOS,宾得K-1(单机),电子控制纵走式焦平面快门,旋转屏，高清屏,7360×4912,3640万
单反,2699,22.3×14.9mm,,CMOS,佳能1500D(单机),电子控制纵走式焦平面快门,,,2410万
卡片,2599,1/2.3英寸,,CMOS,佳能SX740 HS,,,5184×3888,2030万
消费，长焦,8600,1英寸,,,徕卡V-LUX(Typ 114),,旋转屏，OLED屏,,
微单,2599,APS画幅（23.2*15.4mm）,,Exmor APS HD CMOS,索尼ILCE-5000套机(E PZ 16-50mm),电子控制纵走式焦平面快门,翻转屏,5456×3632,2010万
消费，长焦,1899,1/2.3英寸,,CMOS,佳能SX720 HS,,高清屏,5184×3888,2030万
全景相机,2498,（1/2.3）英寸,,CMOS,Insta360 ONE X,,,,
入门单反,1888,APS画幅（23.5*15.6mm）,清洁图像传感器，图像除尘参考数据（需要另购的Capture NX 2 软件）,CMOS,尼康D3300(单机),电子控制纵走式焦平面快门,高清屏,6000×4000,2416万
微单,3.69万,中画幅（43.8*32.9mm）,,CMOS,富士GFX 50S,电子控制纵走式焦平面快门,触摸屏，旋转屏,8256×6192,5140万
微单,6190,APS-C画幅（23.5*15.6mm）,,X-Trans CMOS III,富士X-E3(单机),电子控制纵走式焦平面快门,触摸屏,6000×4000,2430万
,即将上市,,全画幅传感器,,卡尔·蔡司ZX1,,触摸屏,7488×4992,3740万
微单,1.55万,4/3画幅（17.3*13mm）,,Live MOS,松下GH5s,电子控制纵走式焦平面快门,触摸屏，旋转屏,,1028万
入门单反,2688,APS画幅（22.3*14.9mm）,,CMOS,佳能1300D(单机),电子控制纵走式焦平面快门,,5184×3456,1800万
消费，卡片,7900,,,CMOS,徕卡D-Lux(Typ 109),,高清屏,4112×3088,1280万
卡片，旁轴数码,7759,APS画幅（23.6*15.6mm）,,X-Trans CMOS II,富士X100T,机械电子快门,高清屏,4896×3264,1630万
消费，卡片，专业,2999,APS画幅（23.7*15.7mm）,,CMOS,理光GR,,高清屏,4928×3264,1620万
消费，专业,1.17万,全画幅（35.8*23.9mm）,,Exmor CMOS,索尼RX1R,,旋转屏，高清屏,6000×4000,2430万
微单,3599,APS画幅（23.6*15.6mm）,,X-Trans CMOS II,富士X-T10(单机),电子控制纵走式焦平面快门,旋转屏,,1630万
中端单反,2999,APS画幅（23.7*15.7mm）,除尘：感光元件抖动和SP镀膜,CMOS,宾得K-50(单机),电子控制纵走式焦平快门,高清屏,4928×3264,1628万
消费，长焦,3499,1/2.3英寸,,CMOS,佳能SX70 HS,电子快门,旋转屏,5184×3888,2030万
入门单反,2799,APS画幅（23.5*15.6mm）,图像传感器清洁，气流控制系统，图像除尘参考数据（需搭配另购的Capture NX 2 软件）,CMOS,尼康D5300套机(18-55mm VR),电子控制纵走式焦平面快门,旋转屏，高清屏,,2416万
入门单反,4688,APS画幅（23.5*15.6mm）,除尘系统：清洁影像传感器，影像除尘参考数据,CMOS,尼康D5500(单机),电子控制纵走式焦平面快门,触摸屏，翻折屏，高清屏,6000×4000,2416万
消费，专业,3290,4/3画幅（15.5*11.6mm）,,Live MOS,松下LX100,机械电子快门,高清屏,4112×3088,1280万
消费，卡片,2499,1英寸,,CMOS,佳能G9 X Mark II,,触摸屏,,2010万
中端单反,5600,APS-C画幅（23.5*15.7mm）,,CMOS,尼康D7500(单机),电子控制纵走式焦平面快门，电子前帘快门（适用于反光板弹起释放模式）,触摸屏，旋转屏,5568×3712,2088万
,概念产品,,,BSI-CMOS,索尼A7SIII,,旋转屏,,1540万
高端单反,4.26万,24*36mm,,CMOS,徕卡M10-P,机械快门,,,5976万
旁轴数码,2.6万,,,CMOS,徕卡M(Typ 240),电子控制纵走式焦平面快门,高清屏,5952×3976,2400万
单电,8999,4/3画幅（17.3*13mm）,,Live MOS,奥林巴斯E-M5 II套机(12-40mm),电子控制焦平面快门,触摸屏，旋转屏，高清屏,4608×3456,1610万
高端单反,1.15万,全画幅（35.8*23.9mm）,自动，手动，添加除尘数据,CMOS,佳能6D套机(24-105mm),电子控制焦平面快门,高清屏,5472×3648,2020万
微单,7.29万,中画幅（43.8*32.9mm）,,CMOS,哈苏X1D-50C,,触摸屏,,5000万
微单,3699,APS画幅（23.5*15.6mm）,,Exmor APS HD CMOS,索尼ILCE-6000套机(E PZ 16-50mm),电子控制纵走式焦平面快门,高清屏，翻转屏,6000×4000,2430万
入门单反,5999,APS-C画幅（23.5*15.6mm）,,CMOS,宾得KP,电子控制纵走式焦平面快门,TFT彩色液晶显示屏,6016×4000,2432万
消费，卡片，专业,4958,1英寸,高感光度13.2x8.8mm,CMOS,佳能G3 X,,触摸屏,,2020万
消费，卡片,5188,1英寸,,Exmor RS CMOS,索尼RX100 IV,电子快门,旋转屏,,2010万
微单,1.1万,4/3画幅（17.3*13mm）,,Live MOS,松下G9,电子控制纵走式焦平面快门,旋转屏,5184×3888,2033万
微单,3.89万,全画幅（35.6*23.8mm）,,Exmor RS CMOS,索尼ILCE-9套机(24-70mm GM),电子控制纵走式焦平面快门,触摸屏，旋转屏,6000×4000,2420万
消费，卡片，长焦，广角,1599,1/2.3英寸,,背照式CMOS（Exmor R CMOS）,索尼HX50,,高清屏,5184×2920,2040万
微单,1999,13.2×8.8mm,传感器格式：CX,背照式CMOS,尼康1 J5(单机),电子快门,触摸屏，旋转屏,,2081万
高端单反,1.25万,全画幅（35.9*24mm）,清洁影像传感器、图像除尘参考数据（需要捕影工匠软件）,CMOS,尼康D750套机(24-120mm),电子控制纵走式焦平面快门,翻转屏，高清屏,6016×4016,2432万
微单,3199,APS-C画幅（23.5*15.7mm）,,CMOS,富士X-A5(单机),电子控制纵走式焦平面快门,触摸屏，旋转屏,6000×4000,2420万
消费，长焦,5198,1英寸,,MOS,松下ZS220,,触摸屏,,2010万
卡片相机,3499,APS画幅,,CMOS,富士XF10,机械电子快门,触摸屏,,
入门单反,4199,APS画幅（23.5*15.6mm）,图像传感器清洁，气流控制系统，图像除尘参考数据（需搭配另购的Capture NX 2 软件）,CMOS,尼康D5300套机(18-140mm),电子控制纵走式焦平面快门,旋转屏，高清屏,,2416万
单电,5928,APS画幅（23.6*15.6mm）,传感器清洁系统：超声波振动,X-Trans CMOS II,富士X-T1(单机),焦平面快门,翻转屏，高清屏,4896×3264,1630万
卡片，消费，三防,4099,1英寸（13.2*8.8mm）,,Exmor RS CMOS,索尼RX0,电子快门,,4800×3200,1530万
微单,9990,APS-C画幅（23.6*15.6mm）,APS-X,X-Trans CMOS III,富士X-PRO 2(单机),机械电子快门,液晶显示器,,2430万
消费,4299,APS画幅,,Foveon X3,适马DP3 Quattro,,高清屏,7680×4320,2900万
微单,6599,全画幅（35.8*23.9mm）,,Exmor CMOS,索尼ILCE-7套机(FE 28-70mm),电子控制纵走式焦平面快门,旋转屏，高清屏,6000×4000,2430万
微单,1.03万,全画幅（35.6*23.8mm）,,Exmor CMOS,索尼ILCE-7S(单机),电子控制纵走式焦平面快门,翻转屏，高清屏,4240×2832,1220万
高端单反,2.15万,全画幅（36*24mm）,,CMOS,佳能5D Mark IV套机(24-70mm),电子控制纵走式焦平面快门,触摸屏,6720×4480,3040万
微单,5899,APS-C画幅（22.3*14.9mm）,"长宽比：3:2
防尘功能：自动，手动，添加除尘数据",CMOS,佳能EOS M50套机(EF-M 18-150mm IS STM),电子控制焦平面快门,旋转屏，触摸屏,,2410万
微单,1.15万,,"带原色滤镜的23.5mm×15.6mm(APS-C) X-Trans CMOS 4
传感器清洁系统：超声波振动",CMOS,富士X-T3套机(XF 18-55mm),焦平面快门,触摸彩色液晶显示屏（约100％视野率）,,2610万
高端单反,26.8万,中画幅（53.4*40.0mm）,,CMOS,哈苏H6D-100C,,触摸屏,11600×8700,10000万
微单,4499,23.5×15.7mm,"带原色滤镜的APS-C CMOS
传感器清洁系统：超声波振动",CMOS,富士X-T100(单机),焦平面快门,触摸屏,,2420万
消费，卡片，长焦,1349,1/2.3英寸,,Exmor R CMOS,索尼WX350,,高清屏,4896×3672,1820万
单电,2850,4/3画幅（17.3*13mm）,超声波除尘（传感器除尘系统）,Live MOS,奥林巴斯E-M10(单机),电子控制焦平面快门,触摸屏，翻转屏,4608×3456,1610万
微单,6188,4/3画幅（17.4*13mm）,,4/3Live MOS,奥林巴斯PEN-F(单机),焦平面快门,触摸屏,5184×3888,2030万
入门单反,3088,APS-C画幅（22.3*14.9mm）,,CMOS,佳能EOS 200D单机,电子控制纵走式焦平面快门,触摸屏，旋转屏,6000×4000,2420万
消费，广角,4900,1/1.7英寸,,CMOS,徕卡D-lux6,电子快门,高清屏,3648×2736,1010万
微单,3999,23.5×15.7mm,"带原色滤镜的APS-C CMOS
传感器清洁系统：超声波振动",CMOS,富士X-T100套机(XC 15-45mm),焦平面快门,触摸屏,,2420万
消费，卡片，专业,2829,1英寸（13.2*8.8mm）,,背照式CMOS（Exmor R CMOS）,索尼RX100 II,,旋转屏,5472×3648,2020万
微单,3.77万,全画幅,,CMOS,徕卡Q-P,机械电子快门,TFT液晶屏,,2420万
消费，长焦,6658,1英寸,,MOS,松下FZ2500GK,机械电子快门,触摸屏,4864×3648,2010万
入门单反,3948,APS画幅（22.3*14.9mm）,除尘功能：自动，手动，添加除尘数据,CMOS,佳能750D套机(18-55mm),电子控制焦平面快门,高清屏,6000×4000,2420万
消费，长焦，广角,1799,1/2.3英寸,,Super HAD CCD,索尼H400,,高清屏,5152×3864,2010万
微单,9999,APS-C画幅（23.5*15.6mm）,,Exmor CMOS sensor,索尼A6400旅行便携套装（SEL18135镜头）,电子控制纵走式焦平面快门,旋转屏,6000×4000,2420万
消费，长焦,1499,1/2.3英寸,,CMOS,佳能SX620 HS,,高清屏,5184×3888,2020万
中端单反,4699,APS画幅（23.5*15.6mm）,"摄像元件""DR II""机构：超声波抖动除尘，具有灰尘警告功能。
低通滤镜模拟器：基于SR元件的摩尔纹减少功能。关闭，类型1，类型2",CMOS,宾得K-3(单机),电子控制纵走式焦平面快门,高清屏,6016×4000,2435万
高端单反,1.43万,全画幅,,CMOS,宾得K-1 Mark II,机械快门,旋转屏,,3640万
高端单反,1.64万,全画幅（36*23.9mm）,清洁图像传感器，图像除尘参考数据（需要另购的Capture NX2 软件）,CMOS,尼康Df套机(50mm特别版),电子控制纵走式焦平面快门,高清屏,4928×3280,1625万
微单,5800,4/3画幅（17.3*13mm）,,Live MOS,松下G85GK,电子控制纵走式焦平面快门,触摸屏,4592×3448,1600万
微单,4099,17.3×13mm,,Live MOS,松下G7(单机),,OLED屏，触摸屏，旋转屏,4592×3448,1600万
卡片,999,,,CMOS,佳能IXUS 285 HS,,LCD,,2020万
消费，卡片,4099,1/1.7英寸,,背照式CMOS,卡西欧TR750,电子快门,触摸屏，旋转屏,4000×3000,1110万
高端单反,1.4万,全画幅（35.9*24mm）,,CMOS,佳能6D Mark II套机(24-70mm IS USM),电子控制纵走式焦平面快门,触摸屏,6240×4160,2620万
消费，长焦，广角,1469,1/2.3英寸,,背照式CMOS,柯达PixPro SL25,,,,1635万
消费，卡片,2.7万,APS画幅（23.6*15.8mm）,,CMOS,徕卡X Vario(Typ 107),,,4928×3272,1620万
高端单反,价格面议,,,,佳能EOS-1D X Mark III,,,,
中端单反,5918,APS-C画幅（22.3*14.9mm）,,CMOS,佳能EOS 77D套机(18-135mm IS USM),电子控制纵走式焦平面快门,触摸屏,6000×4000,2420万
高端单反,4.1万,中画幅（43.8*32.8mm）,无低通滤镜设计,CMOS,宾得645Z(单机),电子控制纵走式焦平面快门,,,5140万
微单,3098,4/3画幅（17.3*13mm）,,Live MOS,松下GF9KGK,电子控制纵走式焦平面快门,触摸屏，旋转屏,4592×3448,1600万
微单,1.51万,全画幅,,背照式CMOS,索尼A7 III套机(FE 28-70mm OSS),机械电子快门,触摸屏,,2420万
单电,1.95万,全画幅（35.9*24mm）,Super 35mm格式,Exmor R CMOS,索尼A99 II,电子控制纵走式焦平面快门,旋转屏,7952×5304,4240万
中端单反,6049,APS画幅（22.5*15mm）,除尘功能：自动，手动，添加除尘数据,CMOS,佳能70D套机(18-135mm STM),电子控制焦平面快门,触摸屏，旋转屏，高清屏,5472×3648,2020万
微单,即将上市,中画幅,,,富士GFX 100,,,,100000000万
,7300,1英寸,,CMOS,徕卡C-Lux,,触摸屏,,2010万
,3080,,,,索尼DSC-HX99,,,,
微单,1799,APS-C画幅（23.6*15.7mm）,,CMOS,富士X-A10套机(XC 16-50mm II),电子控制纵走式焦平面快门,旋转屏,4896×3264,1630万
中端单反,5798,APS画幅（23.5*15.6mm）,,CMOS,尼康D7200套机(18-105mm),电子控制纵走式焦平面快门,高清屏,6000×4000,2416万
微单,2588,APS画幅（23.6*15.6mm）,超声波振动,CMOS,富士X-A1套机(XC16-50mm),焦平面快门,旋转屏，高清屏,4896×3264,1630万
消费，卡片,849,1/2.3英寸,,,索尼W830,,,5152×3864,2010万
中端单反,5799,APS画幅（23.5*15.6mm）,清洁图像传感器，图像除尘参考数据（需要另购的Capture NX 2 软件）,CMOS,尼康D7100套机(18-140mm),电子控制纵走式焦平面快门,高清屏,6000×4000,2410万
入门单反,2188,22.3×14.9mm,,CMOS,佳能3000D(单机),电子控制纵走式焦平面快门,,,1800万
入门单反,3999,APS-C画幅,,CMOS,宾得K-70(单机),,旋转屏，高清屏,6000×4000,2400万
消费，专业,4199,1.5英寸,,背照式CMOS,佳能G1 X Mark II,,高清屏，翻转屏,4352×2904,1310万
入门单反,4349,APS画幅（22.3*14.9mm）,自动，手动，添加除尘数据,CMOS,佳能700D套机(18-135mm STM),电子控制焦平面快门,触摸屏，高清屏,5184×3456,1800万
卡片，长焦,1999,1/2.3英寸,,Exmor R CMOS,索尼HX350,,,,2040万
微单,2299,APS画幅（23.5*15.6mm）,,Exmor APS HD CMOS,索尼ILCE-5100(单机),电子控制纵走式焦平面快门,触摸屏，翻转屏，高清屏,,2430万
消费,4030,（1/2.3）英寸,背部入射式CMOS影像传感器,CMOS,尼康A1000,机械和CMOS电子快门,触摸屏，翻转屏,4608×3456,1604万
微单,5269,APS-C画幅（23.5*15.6mm）,,Exmor CMOS sensor,索尼A6300套机(E PZ 16-50mm OSS),电子控制纵走式焦平面快门,旋转屏,6000×4000,2420万
,即将上市,4/3画幅,,Live MOS,奥林巴斯E-M1X(单机),,触摸屏，旋转屏,4608×3456mm,2037万
消费，卡片,1750,1/2.3英寸,,CMOS,尼康A900,机械电子快门,高清屏,5184×3888,2029万
微单,1999,APS画幅（23.6*15.6mm）,"配有原色滤镜
传感器清洁系统：超声波振动",X-Trans CMOS,富士X-M1(单机),焦平面快门,旋转屏，高清屏,4896×3264,1630万
中端单反,7099,APS画幅（22.3*14.9mm）,"长宽比 3:2 
除尘功能：自动，手动，添加除尘数据",CMOS,佳能60D套机(18-200mm IS),电子控制纵走式焦平面快门,旋转屏，高清屏,5184×3456,1800万
单电,1.17万,4/3画幅（17.4*13mm）,,Live MOS,奥林巴斯E-M1 II(单机),电子控制纵走式焦平面快门,触摸屏，旋转屏,5184×3888,2040万
消费,2349,1/2.3英寸,传感器光电检测器：2100万像素,背照式CMOS,索尼HX90,,高清屏,4896×3672,1800万
中端单反,6150,APS画幅（23.5*15.6mm）,,CMOS,宾得K-3II,,,6016×4000,2400万
高端单反,1.26万,全画幅（36*24mm）,自动，手动，添加除尘数据,CMOS,佳能5Ds套机(24-105mm),电子控制焦平面快门,高清屏,,5060万
高端单反,2.25万,全画幅（36*24mm）,自动，手动，添加除尘数据,CMOS,佳能5D Mark III套机(24-105mm),电子控制焦平面快门,高清屏,5760×3840,2230万
卡片,2099,1/2.3英寸,,CMOS,佳能SX730 HS,,旋转屏,5184×3888,2030万
消费，长焦,4199,1英寸,,Live MOS,松下FZ1000,机械电子快门,旋转屏，高清屏,4608×3456,2010万
微单,3699,22.3×14.9mm,APS-C画幅,CMOS,佳能EOS M10套机(15-45mm，55-200mm),电子控制焦平面快门,TFT彩色液晶监视器,,1800万
单电,3598,4/3画幅（17.3*13.0mm）,,Live MOS,松下GX85(单机),电子快门,触摸屏,4592×3448,1600万
微单,1.94万,APS-C画幅（23.6*15.7mm）,长宽比为3:2,,徕卡CL,电子快门,触摸屏,6014×4014,2424万
高端单反,1.55万,全画幅（35.9*24mm）,清洁影像传感器，图像除尘参考数据（需要“捕影工匠”软件）,CMOS,尼康D810套机(24-120mm),电子控制纵走式焦平面快门，电子前帘快门（适用于反光板弹起释放模式）,高清屏,7360×4912,3635万
微单,8499,全画幅（35.8*23.9mm）,,Exmor CMOS,索尼A7 II套机(FE 28-70mm),电子控制纵走式焦平面快门,旋转屏，高清屏,6000×4000,2430万
消费，卡片，长焦,5099,1/1.7英寸,,CMOS,徕卡C(Typ 112),,,,1210万
,即将上市,4/3画幅（15.5*11.6mm）,,Live MOS,松下LX100M2,机械电子快门,高清屏,4112×3088,1700万
高端单反,1.2万,全画幅（35.9*24mm）,,CMOS,佳能6D Mark II套机(24-105mm IS STM),电子控制纵走式焦平面快门,触摸屏,6240×4160,2620万
微单,1899,APS画幅（23.2*15.4mm）,,Exmor APS HD CMOS,索尼ILCE-5000(单机),电子控制纵走式焦平面快门,翻转屏,5456×3632,2010万
中端单反,5999,APS画幅（23.6*15.6mm）,除尘系统：清洁图像传感器，图像除尘参考数据（需要另购的Capture NX2软件）,CMOS,尼康D7000套机(18-200mm),电子控制纵走式焦平面快门,高清屏,4928×3264,1620万
卡片,1789,1/2.3英寸,传感器光电检测器：2100万像素,背照式CMOS,索尼WX500,,高清屏,4896×3672,1800万
消费，卡片,1750,1/2.3英寸,,CMOS,佳能N2,,,4608×3456,1610万
,1.54万,,,CMOS,徕卡X(Typ 113),,,,1600万
单电,6899,4/3画幅（17.3*13mm）,,Live MOS,奥林巴斯E-M5 II套机(12-50mm),电子控制焦平面快门,触摸屏，旋转屏，高清屏,4608×3456,1610万
消费，卡片,概念产品,1英寸,,,佳能G7 X Mark III,,,,2000万
微单,即将上市,全画幅（35.9*24mm）,,CMOS（支持全像素双核CMOS AF）,佳能EOS RP土豪金版,电子控制焦平面快门,触摸屏，翻转屏,6240×4160,2620万
微单,价格面议,APS-C画幅（23.6*15.7mm）,,CMOS,富士X-A3（单机）,电子控制纵走式焦平面快门,触摸屏，旋转屏,,2420万
消费，卡片,2498,1/2.3英寸,,MOS,松下ZS70,电子快门,触摸屏，旋转屏,,2030万
中端单反,价格面议,,,,佳能7D Mark III,,,,
360°相机,即将上市,1.0英寸,,背照式CMOS,理光Theta Z1,机械电子快门,,6720 x 3360,2000万
消费，卡片,4599,1英寸,背面照射型,CMOS,佳能G5 X,,触摸屏,,2020万
微单,7499,APS-C画幅（23.5*15.6mm）,,Exmor CMOS sensor,索尼A6400标准单镜套装（SELP1650镜头）,电子控制纵走式焦平面快门,旋转屏,6000×4000,2420万
微单,4999,APS画幅（23.6*15.6mm）,传感器清洁系统：超声波振动,X-Trans CMOS II,富士X-E2套机(XF18-55mm),焦平面快门,高清屏,4896×3264,1630万
高端单反,6.99万,中画幅（45*30mm）,无低通滤波器：以数字处理方式消除摩尔纹,CCD,徕卡S,,高清屏,,3750万
,价格面议,,,,尼康D6,,,,
消费，卡片，长焦，广角,1368,1/2.3英寸,,背照式CMOS,卡西欧ZR1500,机械电子快门,旋转屏，高清屏,4608×3456,1610万
消费，卡片,569,1/2.3英寸,,Super HAD CCD,索尼W800,,,5152×3864,2010万
消费，卡片,2599,1/2.3英寸,,CMOS,尼康B700,机械电子快门,高清屏,5184×3888,2029万
高端单反,7999,全画幅（35.8*23.9mm）,自动，手动，添加除尘数据,CMOS,佳能6D套机(50mm f/1.8 STM),电子控制焦平面快门,高清屏,5472×3648,2020万
长焦,即将上市,1/2.3英寸,,CMOS,尼康B600(单机),机械和CMOS电子快门,触摸屏,4608×3456,1602万
消费，广角,3448,1英寸,,MOS,松下ZS110,机械电子快门,触摸屏,,2010万
旁轴数码,10.2万,24×36mm,全画幅CMOS传感器,CMOS,徕卡M10套机(28mm f/1.4),,,5976×3992,2400万
微单,9699,APS画幅（23.6*15.7mm）,,CMOS,徕卡T(Typ 701),,高清屏,4928×3264,1630万
入门单反,3580,APS-C画幅,,CMOS,尼康D3500套机(AF-P 18-55mm),,,,2400万
消费，卡片,2599,1/1.7英寸,,CMOS,卡西欧TR550,电子快门,高清屏,4000×3000,1110万
中端单反,6999,APS画幅（23.5*15.6mm）,,CMOS,尼康D7200套机(18-200mm VR II),电子控制纵走式焦平面快门,高清屏,6000×4000,2416万
高端单反,7898,全画幅（35.9*24mm）,清洁影像传感器、图像除尘参考数据（需要捕影工匠软件）,CMOS,尼康D750套机(50mm),电子控制纵走式焦平面快门,翻转屏，高清屏,6016×4016,2432万
消费，卡片，长焦,1799,1/2.3英寸,,Exmor R CMOS,索尼HX60,,,5184×3456,2040万
,概念产品,,X-Trans IV传感器,X-Trans CMOS,富士X-Pro 3,,,,
消费，专业,1999,其它尺寸（2/3英寸）,,X-Trans CMOS II,富士X30,,翻转屏，高清屏,4000×3000,1200万
入门单反,5790,APS画幅（23.5*15.6mm）,无低通滤光镜,CMOS,宾得K-S2(单机),电子控制纵走式焦平面快门,旋转屏，高清屏,,2012万
消费，长焦，广角,799,1/2.3英寸,,背照式CMOS,柯达PixPro SL5,电子快门,,4608×3456,1635万
微单,4699,APS-C画幅（23.6*15.6mm）,,X-Trans CMOS II,富士X70,电子快门,触摸屏，旋转屏,,1630万
卡片,2799,1/2.3英寸,传感器光电检测器：1820万像素,背照式CMOS,索尼WX700,,高清屏,4896×3672,1820万
旁轴数码,5.42万,全画幅,,CMOS,徕卡M-P(Typ 240),,,5952×3976,2400万
高端单反,价格面议,,,,尼康D760,,,,2400万
消费,1199,1/2.3英寸,,背照式CMOS（Exmor R CMOS）,索尼QX10,,,4896×3672,1820万
入门单反,5459,APS画幅（23.5*15.6mm）,,CMOS,尼康D5600套机(18-140mm),电子控制纵走式焦平面快门,触摸屏，旋转屏,6000×4000,2416万
消费，长焦,6999,1/2.33英寸,,CMOS,徕卡V-lux4,机械电子快门,,4000×3000,1210万
消费，卡片,1176,1/2.3英寸,,背照式CMOS,尼康S7000,机械电子快门,,4608×3456,1602万
微单，无反,8790,APS画幅,"APS-C X-Trans CMOS 4
传感器清洁系统：超声波振动",CMOS,富士X-T30套机(XF18-55mm),机械快门,触控翻折屏,,2610万
微单,2.43万,全画幅（35.9*24mm）,,Exmor R CMOS,索尼A7RIII套机(FE 24-105mm G OSS),电子控制纵走式焦平面快门,触摸屏，旋转屏,,4240万
消费，长焦,1199,1/2.3英寸,,Super HAD CCD,索尼H300,,,5152×3864,2010万
微单，单电,4998,4/3画幅,17.3x13.0mm,Live MOS,松下GX9(单机),焦平面快门,触摸屏,,2030万
消费，卡片,6299,1英寸（13.2*8.8mm）,,Exmor RS CMOS,索尼RX100 VA,电子快门,旋转屏,5472×3648,2010万
高端单反,1.05万,全画幅（35.8*23.9mm）,自动，手动，添加除尘数据,CMOS,佳能6D套机(24-70mm F4),电子控制焦平面快门,高清屏,5472×3648,2020万
单电,3899,4/3画幅（17.3*13.0mm）,,Live MOS,奥林巴斯E-M10 II(单机),焦平面快门,触摸屏，旋转屏,4608×3456,1610万
入门单反,2499,APS画幅（23.5*15.6mm）,,CMOS,尼康D3400套机(18-55mm VR),电子控制纵走式焦平面快门,,,2416万
高端单反,8650,APS画幅（22.3*14.9mm）,"长宽比：3:2 
除尘功能：自动，手动，添加除尘数据",CMOS,佳能7D套机(15-85mm),电子控制纵走式焦平面快门,高清屏,5184×3456,1800万
微单,1.49万,全画幅（35.9*24mm）,长宽比：3：2,Exmor R CMOS,索尼A7RII套机(FE 24-240mm),电子控制纵走式焦平面快门,旋转屏,,4240万
消费，专业,3998,1英寸,,,松下CM1,,,,2000万
旁轴数码,17.9万,全画幅,,CMOS,徕卡M-P钛金版镜头套机,,,5952×3976,2400万
消费，长焦，广角,1399,1/2.3英寸,,背照式CMOS,佳能SX520 HS,,,4608×3456,1600万
卡片,699,,,CCD,佳能IXUS 175,,LCD,,2000万
微单,4899,4/3画幅（17.3*13mm）,,4/3 Live MOS,奥林巴斯E-M10 III(单机),机械电子快门,触摸屏，旋转屏,,1610万
微单,概念产品,35.9x23.9mm,图像传感器格式：FX,CMOS,尼康Z1,,触摸屏,,4575万
微单,3199,APS画幅（23.6*15.6mm）,,CMOS,富士X-A2套机(XC 16-50mm II),焦平面快门,翻转屏，高清屏,4896×3264,1630万
微单,2050,22.3×14.9mm,APS-C画幅,CMOS,佳能EOS M10套机(15-45mm),电子控制焦平面快门,TFT彩色液晶监视器,,1800万
高端单反,3.35万,全画幅（35.9*23.9mm）,,CMOS,尼康D850套机(24-70mm f/2.8E ED VR),电子控制纵走式焦平面快门,触摸屏，旋转屏,8256×5504,4575万
入门单反,5999,APS画幅（22.3*14.9mm）,除尘功能：自动，手动，添加除尘数据,CMOS,佳能750D套机(18-135mm),电子控制焦平面快门,高清屏,6000×4000,2420万
高端单反,10.45万,全画幅（35.9*23.9mm）,长宽比：3:2,CMOS,佳能EOS-1D X Mark II套机(400mm II IS),电子控制纵走式焦平面快门,触摸屏,5472×3648,2020万
中端单反,4600,APS画幅（23.7*15.7mm）,"摄像元件""DR II""机构：超声波抖动除尘，具有灰尘警告功能",CMOS,宾得K-5 IIs(单机),电子控制纵走式焦平面快门,高清屏,4928×3264,1628万
,30.9万,中画幅（53.7*40.4mm）,,CCD,飞思IQ380MP,电子控制纵走式焦平面快门,触摸屏,,
高端单反,1.75万,全画幅（36*24mm）,自动，手动，添加除尘数据,CMOS,佳能5Ds R套机(50mm f/1.4 USM),电子控制焦平面快门,高清屏,8688×5792,5060万
卡片，三防,3099,1/2.33英寸,,背照式CMOS,奥林巴斯TG-5,,彩色LCD显示屏,4000×3000,1200万
高端单反,2.48万,全画幅（35.9*24mm）,清洁影像传感器，图像除尘参考数据（需要“捕影工匠”软件）,CMOS,尼康D810套机(24-70mm),电子控制纵走式焦平面快门，电子前帘快门（适用于反光板弹起释放模式）,高清屏,7360×4912,3635万
中端单反,6879,APS画幅（23.5*15.6mm）,,CMOS,尼康D7200套机(18-300mm),电子控制纵走式焦平面快门,高清屏,6000×4000,2416万
微单,5899,APS-C画幅（22.3*14.9mm）,"长宽比：3:2
防尘功能：自动，手动，添加除尘数据",CMOS,佳能EOS M50套机(EF-M 15-45mm，EF-M 55-200mm IS STM),电子控制焦平面快门,旋转屏，触摸屏,,2410万
中端单反,7199,APS画幅（22.5*15mm）,除尘功能：自动，手动，添加除尘数据,CMOS,佳能70D套机(18-200mm IS),电子控制焦平面快门,触摸屏，旋转屏，高清屏,5472×3648,2020万
长焦,2299,1/2.3英寸,,背照式CMOS,佳能SX540 HS,,LCD,,2030万
微单,2.38万,35.9x23.9mm,图像传感器格式：FX,CMOS,尼康Z6套机(24-70mm，32GXQD，卡口适配器 FTZ),,翻转触控屏,,2450万
微单,1.53万,APS-C画幅（23.6*15.7mm）,,CMOS,徕卡TL2,电子快门,触摸屏,6000×4000,2400万
微单,4499,APS-C画幅（22.3*14.9mm）,,CMOS,佳能EOS M5套机(15-45mm IS STM),电子控制纵走式焦平面快门,触摸屏，旋转屏,,2420万
消费，长焦，广角,1699,1/2.3英寸,,CMOS,富士S9900W,,高清屏,4608×3456,1620万
微单,价格面议,APS-C画幅（23.6*15.6mm）,,CMOS,富士X-A20,电子控制纵走式焦平面快门,触摸屏，旋转屏,4896×3264,1630万
微单,3070,1英寸（13.2*8.8mm）,,CMOS,尼康V3(单机),电子控制纵走式焦平面快门，电子快门,触摸屏，翻转屏，高清屏,5232×3488,1839万
四防,即将上市,（1/2.3）英寸,,CMOS,富士XP140,电子快门,高清屏,4608×3456,1640万
消费，卡片,825,1/2.3英寸,,CCD,佳能IXUS 185,,LCD屏,5152×3864,2000万
入门单反,3599,APS画幅（22.3*14.9mm）,自动，手动，添加除尘数据,CMOS,佳能700D套机(EF-S 18-55mm STM),电子控制焦平面快门,触摸屏，高清屏,5184×3456,1800万
微单,2.28万,35.9x23.9mm,图像传感器格式：FX,CMOS,尼康Z6套机(24-70mm，32GXQD),,翻转触控屏,,2450万
微单,3888,APS-C画幅（23.5*15.7mm）,,CMOS,富士X-A5套机(XC 15-45mm),电子控制纵走式焦平面快门,触摸屏，旋转屏,6000×4000,2420万
消费，长焦，广角,1899,1/2.3英寸,,背照式CMOS,爱国者H100,机械电子快门,旋转屏，高清屏,4896×3672,1847万
微单,1499,1英寸（13.2*8.8mm）,颜色滤镜：RGB 原色滤镜,背照式CMOS,三星NX mini套机(9mm),,触摸屏，旋转屏，高清屏,5472×3648,2050万
微单,3.08万,35.9x23.9mm,图像传感器格式：FX,CMOS,尼康Z7套机(Nikkor Z 24-70mm f/4 S),,触摸屏,,4575万
微单，无反,6790,APS画幅,"APS-C X-Trans CMOS 4
传感器清洁系统：超声波振动",CMOS,富士X-T30套机(XC15-45mm),机械快门,触控翻折屏,,2610万
微单,2.2万,全画幅,,背照式CMOS,索尼A7 III套机(FE 24-105mm G OSS),机械电子快门,触摸屏,,2420万
高端单反,9199,全画幅（35.9*24mm）,清洁影像传感器、图像除尘参考数据（需要捕影工匠软件）,CMOS,尼康D750套机(24-85mm),电子控制纵走式焦平面快门,翻转屏，高清屏,6016×4016,2432万
中端单反,6799,APS-C画幅（22.3*14.9mm）,,CMOS,佳能EOS 77D套机(18-200mm IS),电子控制纵走式焦平面快门,触摸屏,6000×4000,2420万
消费，专业,659,1/2.3英寸,,CCD,尼康A100,机械电子快门,高清屏,5152×3864,2005万
消费，卡片，长焦，广角,1388,1/2.3英寸,,背照式CMOS,佳能SX610HS,,,5184×3888,2020万
微单,5799,APS-C画幅（23.6*15.6mm）,,X-Trans CMOS III,富士X-T20套机(XC 16-50mm II),电子控制纵走式焦平面快门,旋转屏,,2430万
消费,2288,1英寸,,CMOS,佳能G9 X,,,,2020万
微单,2099,APS画幅（23.5*15.7mm）,,CMOS,三星NX3000套机(20-50mm，SEF-8闪光灯),,旋转屏,5472×3648,2030万
消费，卡片,899,1/2.3英寸,,CCD,佳能IXUS 190,,LCD屏,5152×3864,2000万
4/3系统数码单电,4200,4/3画幅（17.3*13mm）,"彩色滤镜：基色滤镜
防尘系统：超声波滤镜",Live MOS,松下GX7(单机),焦平面快门,旋转屏，高清屏,4592×3448,1600万
中端单反,8299,APS-C画幅（23.5*15.7mm）,,CMOS,尼康D7500套机(18-200 VR II),电子控制纵走式焦平面快门，电子前帘快门（适用于反光板弹起释放模式）,触摸屏，旋转屏,5568×3712,2088万
消费，长焦，广角,7559,1英寸（13.2*8.8mm）,,Exmor RS CMOS,索尼RX10 II,电子快门,旋转屏,5472×3648,2020万
微单,1.95万,全画幅,,背照式CMOS,索尼A7 III套机(FE 24-70mm ZA OSS),机械电子快门,触摸屏,,2420万
消费,2999,APS画幅（23.2*15.4mm）,,Exmor APS HD CMOS,索尼ILCE-QX1(单机),电子控制纵走式焦平面快门,,,2010万
微单,8.49万,中画幅（43.8*32.9mm）,,CMOS,哈苏X1D-50C套机(XCD 45mm)黑色纪念版,,触摸屏,,5000万
微单,2199,,,CMOS,小米小蚁M1套机(12-40mm),电子控制纵走式焦平面快门,触摸屏,5184×3888,2016万
微单,2595,4/3画幅（17.3*13mm）,超声波除尘（传感器除尘系统）,Live MOS,奥林巴斯E-PL6套机(14-42mm II R),电子控制焦平面快门,触摸屏，旋转屏，高清屏,4608×3456,1610万
消费，卡片,1588,1/1.7英寸,,背照式CMOS,卡西欧TR500,机械快门,触摸屏，旋转屏,4000×3000,1110万
微单,2999,13.2×8.8mm,传感器格式：CX,背照式CMOS,尼康1 J5套机(VR 10-100mm f/4.0-5.6),电子快门,触摸屏，旋转屏,,2081万
4/3系统数码微单,2999,4/3画幅（17.3*13mm）,,Live MOS,松下GM1套机(12-32mm),电子控制焦平面快门，电子快门,触摸屏，高清屏,,1600万
入门单反,7259,APS画幅（22.3*14.9mm）,除尘功能：自动，手动，添加除尘数据,CMOS,佳能760D套机(18-200mm),电子控制焦平面快门,高清屏,6000×4000,2420万
消费，长焦,3580,1/2.3英寸,20万像素,CMOS,柯达AZ901,,旋转屏,,2068万
高端单反,8598,全画幅（35.9*24mm）,清洁图像传感器、图像除尘参考数据（需要另购的Capture NX 2 软件）,CMOS,尼康D610套机(24-85mm),电子控制纵走式焦平面快门,高清屏,6016×4016,2426万
消费，长焦，广角,1300,1/2.3英寸,,CMOS,卡西欧ZR1200,机械电子快门,旋转屏，高清屏,4608×3456,
消费，长焦，广角,2380,1/2.3英寸,,背照式CMOS,尼康P600,机械电子快门,高清屏,4608×3456,1605万
长焦,1588,1/2.3英寸,,CCD,佳能SX430 IS,,LCD屏,5152×3864,2000万
单反,2799,22.3×14.9mm,,CMOS,佳能1500D套机(EF-S 18-55mm IS II),电子控制纵走式焦平面快门,,,2410万
微单,1.52万,全画幅（35.9*24mm）,长宽比：3：2,Exmor R CMOS,索尼A7RII套机(FE 24-70mm ZA OSS),电子控制纵走式焦平面快门,旋转屏,,4240万
中端单反,5770,APS画幅（23.5*15.6mm）,清洁图像传感器，图像除尘参考数据（需要另购的Capture NX 2 软件）,CMOS,尼康D7100套机(18-105mm),电子控制纵走式焦平面快门,高清屏,6000×4000,2410万
消费，专业,5499,APS画幅（23.6*15.8mm）,,X-Trans CMOS II,富士X100s黑色版,,,4896×3264,1630万
微单,1.29万,,"带原色滤镜的23.5mm×15.6mm(APS-C) X-Trans CMOS 4
传感器清洁系统：超声波振动",CMOS,富士X-T3套机(XF 18-135mm),焦平面快门,触摸彩色液晶显示屏（约100％视野率）,,2610万
专业，双反，胶片相机,4.6万,,,,禄来2.8FX,,,,
消费，长焦，广角,1999,1/2.3英寸,,背照式CMOS（BSI CMOS）,三星GC100,,触摸屏,,1630万
高端单反,1.2万,全画幅（35.9*24mm）,清洁图像传感器、图像除尘参考数据（需要另购的Capture NX 2 软件）,CMOS,尼康D610套机(24-120mm),电子控制纵走式焦平面快门,高清屏,6016×4016,2426万
微单,2430,APS画幅（23.5*15.7mm）,RGB 原色滤镜,CMOS,三星NX2000套机(20-50mm II),电子控制垂直焦平面快门,触摸屏，高清屏,5472×3648,2030万
消费，长焦,2399,1/2.3英寸,,Exmor R CMOS,索尼QX30,,,5184×3456,2040万
微单,价格面议,,,DPAF,佳能850D,,,,2410万
高端单反,1.85万,全画幅（36*24mm）,自动，手动，添加除尘数据,CMOS,佳能5D Mark III套机(24-70mm II),电子控制焦平面快门,高清屏,5760×3840,2230万
单电,7899,APS画幅（23.5*15.6mm）,,Exmor APS HD CMOS,索尼A77 II(单机),电子控制纵走式焦平面快门,翻转屏，高清屏,6000×4000,2430万
消费，卡片，长焦,799,1/2.3英寸,,背照式CMOS,佳能IXUS 265 HS,,高清屏,4608×3456,1600万
消费，专业,1299,其它尺寸（2/3英寸）,,X-Trans CMOS II,富士XQ2,,高清屏,4000×3000,1200万
微单,价格面议,APS-C画幅,,,佳能EOS M5 Mark II,,,,
高端单反,2.39万,全画幅（35.9*23.9mm）,,CMOS,尼康D850套机(24-120mm f/4G ED VR),电子控制纵走式焦平面快门,触摸屏，旋转屏,8256×5504,4575万
微单,3299,4/3画幅（17.3*13mm）,除尘系统：超声波除尘（传感器除尘系统）,Live MOS,奥林巴斯E-PL7套机(14-42mm EZ),电子控制焦平面快门,触摸屏，翻转屏,4608×3456,1610万
高端单反,6.6万,24*36mm,,CMOS,徕卡M10-P橄榄绿限量版,机械快门,,,5976万
微单,9.9万,中画幅,,CMOS,哈苏H6D-50C,,触摸屏,8272×6200,5000万
消费，卡片，广角,3300,APS画幅（24*16mm）,,Foveon X3,适马DP1 Merrill,,高清屏,,4600万
消费，长焦，广角,1109,1/2.3英寸,,CCD,佳能SX410,,,5152×3864,2000万
消费，长焦，广角,2099,1/2.3英寸,,CMOS,尼康P610s,机械电子快门,高清屏,4608×3456,1605万
消费，长焦，广角,1200,1/2.3英寸,配有原色滤镜,CCD,富士S4850,机械快门,,4608×3456,1600万
消费，广角，专业,2388,,,背照式CMOS,佳能S120,,,,1210万
微单，单电,价格面议,4/3画幅,17.3x13.0mm,Live MOS,松下GF10(单机),电子控制纵走式焦平面快门，快门按钮，手动快门，脸部快门，好友快门,触摸屏，旋转屏,4592×3448,1600万
消费，长焦,1099,1/2.3英寸,,CMOS,佳能SX275 HS,机械电子快门,,4000×3000,1210万
消费，专业,359,1/2.3英寸,,CCD,尼康Coolpix A10,机械电子快门,TFT LCD屏,4608×3456,1614万
消费，卡片,4199,1/1.7英寸,,CMOS,卡西欧TR600,电子快门,触摸屏，旋转屏,4000×3000,1110万
消费，长焦，广角,799,1/2.3英寸,,CCD,佳能SX400 IS,,,4608×3456,1600万
高端单反,价格面议,,,,尼康D850a,,,,
微单,4899,4/3画幅（17.3*13mm）,,4/3 Live MOS,奥林巴斯E-M10 III套机(14-42mm EZ),机械电子快门,触摸屏，旋转屏,,1610万
微单,4299,4/3画幅（17.3*13mm）,,Live MOS,松下GF8套机(12-32mm，35-100mm),电子控制纵走式焦平面快门,触摸屏，翻转屏，高清屏,,1600万
微单,3万,全画幅（36*24mm）,,CMOS,松下LUMIX S1R套机 （R24105镜头）,,三向翻转屏幕,,4700万
微单,1399,1/2.3英寸,"摄像元件通过""DR II""超声波抖动除尘",CMOS,宾得Q10套机(5-15mm),机械电子快门,,4000×3000,1240万
微单,7099,APS-C画幅（23.5*15.6mm）,,Exmor CMOS sensor,索尼A6300套机(E 18-135mm OSS),电子控制纵走式焦平面快门,旋转屏,6000×4000,2420万
微单,概念产品,M4/3画幅,,CMOS,永诺YN450,,,,1600万
微单,8166,APS画幅（23.5*15.6mm）,,Exmor APS HD CMOS,索尼ILCE-6000套机(E 16-70mm),电子控制纵走式焦平面快门,高清屏，翻转屏,6000×4000,2430万
消费，卡片,1699,1/1.7英寸,,CMOS,卡西欧ZR3500,机械电子快门,旋转屏，高清屏,,1210万
消费，长焦,999,1/2.3英寸,,背照式CMOS,佳能SX600,,高清屏,4608×3456,1600万
微单,概念产品,35.9x23.9mm,图像传感器格式：FX,CMOS,尼康Z5(单机),,触摸屏,,4575万
消费，卡片，长焦,385,1/2.3英寸,,CCD,佳能IXUS 150,,,4608×3456,1600万
微单,5199,4/3画幅,,Live MOS,奥林巴斯E-PL9(14-42mm EZ),电子控制纵走式焦平面快门,触摸屏，旋转屏,4608×3456,1610万
,概念产品,全画幅,,,索尼A9R,,,,
微单,2799,APS-C画幅（23.6*15.6mm）,,CMOS,富士X-A20(XC 16-50mm II),电子控制纵走式焦平面快门,触摸屏，旋转屏,4896×3264,1630万
微单,概念产品,全画幅（24*36mm）,,CMOS,徕卡SL2,,触摸屏,6000×4000,2400万
微单,概念产品,全画幅（24*36mm）,,CMOS,徕卡SL2,,触摸屏,6000×4000,2400万
消费，卡片,3300,APS画幅（23.5*15.7mm）,,Foveon X3,适马DP2 Merrill,,高清屏,4704×3136,4600万
高端单反,1.41万,全画幅（36*23.9mm）,清洁图像传感器，图像除尘参考数据（需要另购的Capture NX2 软件）,CMOS,尼康Df(单机),电子控制纵走式焦平面快门,高清屏,4928×3280,1625万
微单,7.39万,全画幅（24*36mm）,,CMOS,徕卡SL套机(24-90mm),,触摸屏,6000×4000,2400万
消费，三防,1099,1/2.3英寸,,CMOS,小米小蚁4K运动相机,,触摸屏,4000×3000,1200万
单电,4999,4/3画幅（17.3*13mm）,,Live MOS,奥林巴斯E-M1(单机),,触摸屏，高清屏,4608×3456mm,1630万
微单,1.27万,全画幅（35.8*23.9mm）,,Exmor CMOS,索尼A7 II套机(FE 24-70mm),电子控制纵走式焦平面快门,旋转屏，高清屏,6000×4000,2430万
消费，卡片,658,1/2.3英寸,,Super HAD CCD,索尼W810,,,5152×3864,2010万
高端单反,1.49万,全画幅（35.9*24mm）,清洁影像传感器、图像除尘参考数据（需要捕影工匠软件）,CMOS,尼康D750套机(24-70mm),电子控制纵走式焦平面快门,翻转屏，高清屏,6016×4016,2432万
入门单反,2399,APS画幅（23.2*15.4mm）,影像感应器清洁，影像除尘参照数据（需要可选择的Capture NX 2软件）,CMOS,尼康D3200套机(18-55mm),电子控制纵走式焦平面快门,高清屏,6016×4000,2416万
微单,9298,APS-C画幅（23.5*15.6mm）,,Exmor CMOS sensor,索尼A6300套机(T*E 16-70mm ZA OSS),电子控制纵走式焦平面快门,旋转屏,6000×4000,2420万
消费，专业,即将上市,1英寸,,CMOS,松下LX15,电子快门,触摸屏，旋转屏,,2010万
微单,价格面议,APS-C画幅,,,佳能EOS M1,,,,
单反,价格面议,APS-C画幅,,,佳能4000D,,,,1800万
微单,6799,APS-C画幅（23.6*15.6mm）,,X-Trans CMOS III,富士X-T20套机(XF 18-55mm),电子控制纵走式焦平面快门,旋转屏,,2430万
全画幅旁轴数码相机,4.39万,全画幅（23.9*35.8mm）,,CCD,徕卡M-E,电子控制式金属纵向快门,,5212×3472,1800万
微单,2199,4/3画幅,,Live MOS,奥林巴斯E-PL8套机(14-42mm II R),电子控制纵走式焦平面快门,触摸屏，旋转屏,4608×3456,1610万
微单,6199,APS-C画幅（22.3*14.9mm）,,CMOS,佳能EOS M5套机(18-150mm IS STM),电子控制纵走式焦平面快门,触摸屏，旋转屏,,2420万
中端单反,1.07万,APS画幅（22.4*15mm）,自动，手动，添加除尘数据,CMOS,佳能7D Mark II套机(18-135mm STM),电子控制焦平面快门,高清屏,5472×3648,2020万
消费，长焦，广角,1959,,,背照式CMOS,佳能SX530HS,,,4608×3456,1600万
微单,1.5万,4/3画幅（17.3*13mm）,,Live MOS,松下GH5套机(12-60mm),电子控制纵走式焦平面快门,触摸屏,,2030万
微单,3999,APS画幅（23.2*15.4mm）,,Exmor APS HD CMOS,索尼ILCE-5000套机(E PZ 16-50mm，E 55-210mm),电子控制纵走式焦平面快门,翻转屏,5456×3632,2010万
消费，卡片,1098,1/2.3英寸,,Exmor R CMOS,索尼WX220,,,4896×3264,1820万
消费，卡片，广角，三防,2699,1/2.3英寸,,CMOS,尼康W300s,机械电子快门,高清屏，OLED屏,4608×3456,1605万
微单,3.49万,全画幅（35.8*23.9mm）,,CMOS,徕卡M(Typ 262),机械快门,高清屏,5976×3992,2410万
消费，卡片，长焦，广角,777,1/2.3英寸,,CCD,佳能IXUS 155,,,5152×3864,2000万
微单,2.22万,全画幅（35.6*23.8mm）,,CMOS,松下LUMIX S1套机 （R24105镜头）,,三向翻转屏幕,,2400万
消费，长焦，广角,1299,1/2.3英寸,,CMOS,富士S9800,,高清屏,4608×3456,1620万
4/3系统数码单电,6699,4/3画幅,,Live MOS,松下GX8(单机),,,,2030万
中端单反,4498,APS画幅（23.6*15.6mm）,除尘系统：清洁图像传感器，图像除尘参考数据（需要另购的Capture NX2软件）,CMOS,尼康D7000套机(18-140mm),电子控制纵走式焦平面快门,高清屏,4928×3264,1620万
消费，长焦，广角,1899,1/2.3英寸,,背照式CMOS,富士S8450,机械快门,高清屏,4608×3456,1620万
消费，长焦，广角,1499,1/2.3英寸,配有原色滤镜,CCD,富士S8600,机械快门,,4608×3456,1600万
消费，卡片，广角,2270,1/1.7英寸,,背照式CMOS,尼康P340,机械电子快门,高清屏,4000×3000,1219万
,4.18万,,,,飞思645DF+,焦平面快门，叶片式快门,,,100万
微单,9588,APS-H画幅（26.6*17.9mm）,,Foveon X3,适马SD Quattro H,,高清屏,,4480万
消费，长焦,1872,1/2.3英寸,,CMOS,尼康L840,,高清屏,4608×3456,1600万
全景相机,599,,,,华为全景相机酷玩版,,,,1300万
高端单反,3.46万,全画幅（35.9*24mm）,除尘系统：影像除尘参考数据（需要另购的Capture NX2软件）,CMOS,尼康D3X套机(24-70mm),电子控制纵走式焦平面快门,高清屏,6048×4032,2450万
微单,4779,APS画幅（23.5*15.6mm）,,Exmor APS HD CMOS,索尼ILCE-6000套机(E PZ 16-50mm，55-210mm),电子控制纵走式焦平面快门,高清屏，翻转屏,6000×4000,2430万
微单,2548,APS画幅（22.3*14.9mm）,除尘功能：开启/关闭电源时，可自动或手动实施,CMOS,佳能EOS M3(单机),电子控制焦平面快门,触摸屏，高清屏,6000×4000,2420万
,概念产品,APS-C画幅,,Exmor APS HD CMOS,索尼A6000 Mark II,,旋转屏，触摸屏,,2420万
中端单反,6400,APS画幅（22.3*14.9mm）,"长宽比：3:2 
除尘功能：自动，手动，添加除尘数据",CMOS,佳能60D套机(17-85mm IS),电子控制纵走式焦平面快门,旋转屏，高清屏,5184×3456,1800万
高端单反,3.1万,中画幅（44*33mm）,原色滤光镜,CCD,宾得645D套机(55mm),电子控制纵走式焦平面快门，B门,高清屏,7264×5440,4000万
消费,940,1/2.3英寸,,CCD,尼康L330,机械电子快门,高清屏,5152×3864,2016万
三防,2.39万,APS-C画幅,,CMOS,徕卡X-U(Typ 113),,LCD,,1650万
高端单反,4.41万,全画幅（35.9*23.9mm）,长宽比：3:2,CMOS,佳能EOS-1D X Mark II套机(24-70mm II),电子控制纵走式焦平面快门,触摸屏,5472×3648,2020万
入门单反,5999,APS画幅（22.3*14.9mm）,除尘功能：自动，手动，添加除尘数据,CMOS,佳能760D套机(18-135mm),电子控制焦平面快门,触摸屏，高清屏,6000×4000,2420万
微单,1.32万,APS-C画幅（23.5*15.6mm）,,Exmor CMOS,索尼A6500套机(16-70mm ZA OSS),电子控制纵走式焦平面快门,触摸屏，旋转屏,6000×4000,2420万
消费，卡片，长焦,1899,1/2.3英寸,,背照式CMOS,尼康S9700s,机械电子快门,高清屏,4608×3456,1605万
消费，广角，专业,1979,1/1.7英寸,,CCD,佳能S200,,,3648×2736,1010万
微单,2599,APS画幅（22.3*14.9mm）,除尘功能：开启/关闭电源时，可自动或手动实施,CMOS,佳能EOS M3套机(15-45mm IS STM),电子控制焦平面快门,触摸屏，高清屏,6000×4000,2420万
微单,1.68万,全画幅（35.9*24mm）,,Exmor CMOS,索尼ILCE-7R套机(FE 24-70mm),电子控制纵走式焦平面快门,旋转屏，高清屏,7360×4912,3640万
入门单反,4056,APS画幅（23.5*15.6mm）,,CMOS,尼康D5600套机(AF-P 18-55mm VR),电子控制纵走式焦平面快门,触摸屏，旋转屏,6000×4000,2416万
消费，卡片，长焦,1279,1/2.3英寸,,背照式CMOS,尼康S9600,机械电子快门,高清屏,4608×3456,1605万
消费，卡片，长焦,4899,1/1.7英寸,,背照式CMOS,卡西欧EX-100,,旋转屏，高清屏,4000×3000,1210万
消费，卡片，长焦,470,1/2.3英寸,,CCD,佳能IXUS 132,,,4608×3456,1600万
微单,4698,4/3画幅（17.3*13mm）,原色滤镜,Live MOS,松下GF7套机(35-100mm),电控焦平面快门，电子快门,触摸屏，翻转屏，高清屏,4592×3448,1600万
消费,3299,APS画幅（23.2*15.4mm）,,Exmor APS HD CMOS,索尼ILCE-QX1L套装(搭配SELP1650镜头),电子控制纵走式焦平面快门,,,2010万
微单,4199,APS-C画幅（22.3*14.9mm）,,CMOS,佳能EOS M100套机(15-45mm，55-200mm IS STM),电子控制纵走式焦平面快门,触摸屏，旋转屏,6000×4000,2420万
微单,概念产品,全画幅,,,索尼A5,,,,5400万
消费，卡片,1899,1/2.3英寸,,背照式CMOS,尼康S9900s,机械电子快门,翻转屏，高清屏,4608×3456,1605万
入门单反,3199,APS画幅（23.2*15.4mm）,影像感应器清洁，影像除尘参照数据（需要可选择的Capture NX 2软件）,CMOS,尼康D3200套机(18-105mm),电子控制纵走式焦平面快门,高清屏,6016×4000,2416万
微单,2739,1英寸,,背照式CMOS,尼康1 J4(单机),电子快门,触摸屏，高清屏,5232×3488,
高端单反,4.68万,全画幅（35.9*23.9mm）,长宽比：3:2,CMOS,佳能EOS-1D X Mark II套机(35mm f/1.4L II),电子控制纵走式焦平面快门,触摸屏,5472×3648,2020万
高端单反,3.92万,中画幅,,,阿尔帕12 STC,,,,
消费，卡片,3300,APS画幅（23.5*15.7mm）,,Foveon X3,适马DP3 Merrill,,高清屏,4704×3136,1536万
长焦,2438,1/2.3英寸,,,松下FZ80,,触摸屏,,1800万
单电,8799,APS画幅（23.5*15.7mm）,,背照式CMOS,三星NX1(单机),,触摸屏，OLED屏,6480×4320,2820万
消费，专业,1.53万,1英寸（13.2*8.8mm）,,,哈苏Stellar限量版,,,,2020万
消费,4400,1英寸,,CMOS,松下ZS100,,触摸屏,,2000万
高端单反,19.6万,中画幅（44*33mm）,,CMOS,飞思IQ250,,高清屏,8280×6208,5000万
高端单反,1.54万,全画幅（35.9*24mm）,,CMOS,宾得K-1套机(DFA 28-105mm),电子控制纵走式焦平面快门,旋转屏，高清屏,7360×4912,3640万
消费，卡片，长焦，广角,1099,其它尺寸（1/2.33英寸）,,Live MOS,松下ZS35,机械电子快门,高清屏,4608×3456,1600万
高端单反,4.5万,中画幅（43.8*32.8mm）,无低通滤镜设计,CMOS,宾得645Z套机(55mm),电子控制纵走式焦平面快门,,,5140万
消费,4299,APS画幅,,Foveon X3,适马DP2 Quattro,,高清屏,7680×4320,2900万
高端单反,8.9万,,,CMOS,哈苏H5D-50C,,,,5000万
微单,2299,APS画幅（23.5*15.7mm）,,CMOS,三星NX300套机(18-55mm III),电子控制纵走式焦平面快门,触摸屏，高清屏，AMOLED显示屏,5472×3468,2030万
中端单反,3199,APS画幅（23.7*15.7mm）,除尘：感光元件抖动和SP镀膜,CMOS,宾得K-50套机(L 18-55mm WR),电子控制纵走式焦平快门,高清屏,4928×3264,1628万
单电,5499,4/3画幅（17.3*13mm）,,Live MOS,奥林巴斯E-M5 II(单机),电子控制焦平面快门,触摸屏，旋转屏，高清屏,4608×3456,1610万
入门单反,4290,APS画幅（23.5*15.6mm）,除尘：感光元件驱动及SP镀层,CMOS,宾得K-S1套机(18-55mm),电子控制纵走式焦平面快门,高清屏,5472×3648,2012万
入门单反,3998,APS画幅（23.5*15.6mm）,图像传感器清洁，气流控制系统，图像除尘参考数据（需搭配另购的Capture NX 2 软件）,CMOS,尼康D5300套机(18-105mm VR),电子控制纵走式焦平面快门,旋转屏，高清屏,,2416万
微单,概念产品,,,,索尼A6700,,旋转屏,,
微单,2.89万,35.9x23.9mm,图像传感器格式：FX,CMOS,尼康Z7套机(Nikkor Z 24-70mm f/4 S，卡口适配器 FTZ),,触摸屏,,4575万
微单,3.68万,全画幅（35.8*23.8mm）,,CMOS,徕卡Q钛金属版,机械电子快门,触摸屏,,2400万
微单,6690,APS-C画幅（23.5*15.6mm）,,X-Trans CMOS III,富士X-E3套机(XC 15-45mm),电子控制纵走式焦平面快门,触摸屏,6000×4000,2430万
微单,6188,APS画幅（23.4*15.5mm）,,Foveon X3,适马SD Quattro,电子控制纵走式焦平面快门,高清屏,7680×3296,2900万
微单,1.53万,全画幅（35.9*24mm）,,Exmor CMOS,索尼ILCE-7R套机(FE35mm),电子控制纵走式焦平面快门,旋转屏，高清屏,7360×4912,3640万
高端单反,2.8万,全画幅（36*24mm）,自动，手动，添加除尘数据,CMOS,佳能5D Mark III套机(70-200mm II),电子控制焦平面快门,高清屏,5760×3840,2230万
微单,8999,APS-C画幅（23.6*15.6mm）,,X-Trans CMOS III,富士X-T2套机(18-55mm),电子控制纵走式焦平面快门,旋转屏,6000×4000,2430万
消费，卡片，长焦，广角,999,1/2.3英寸,,背照式CMOS,佳能IXUS 275 HS,,高清屏,5184×3888,2020万
消费，三防,399,,,Exmor R BSI CMOS,小米小蚁运动相机 基础版,,,4608×3456,1600万
消费，卡片，三防,1399,1/2.3英寸,,CMOS,富士XP130,,高清屏,,1640万
全景相机,即将上市,（1/2.3）英寸,,CMOS,Insta360 EVO,,,,1800万
高端单反,2.98万,全画幅（35.9*23.9mm）,,CMOS,尼康D850套机(28-300mm f/3.5-5.6G ED VR),电子控制纵走式焦平面快门,触摸屏，旋转屏,8256×5504,4575万
消费,概念产品,,,,索尼RX1R III,,,,4200万
全景相机,499,,,,华为全景相机,,,5376×2688,1300万
消费,4299,,,Foven X3,适马DP0 Quattro,,高清屏,7680×5120,
消费，长焦,1872,1/2.3英寸,,CMOS,尼康L840,,高清屏,4608×3456,1600万
高端单反,2.98万,全画幅（35.9*23.9mm）,,CMOS,尼康D850套机(28-300mm f/3.5-5.6G ED VR),电子控制纵走式焦平面快门,触摸屏，旋转屏,8256×5504,4575万
入门单反,2998,APS画幅（22.3*14.9mm）,自动，手动，添加除尘数据,CMOS,佳能100D套机(EF-S 18-55mm STM),电子控制焦平面快门,触摸屏，高清屏,5184×3456,1800万
消费,概念产品,,,,索尼RX1R III,,,,4200万
全景相机,即将上市,（1/2.3）英寸,,CMOS,Insta360 EVO,,,,1800万
消费，三防,399,,,Exmor R BSI CMOS,小米小蚁运动相机 基础版,,,4608×3456,1600万
卡片,7999,23.7×15.7mm,,CMOS,理光GR II PREMIUM KIT,,高清屏,,1620万
消费，长焦,2299,1/1.7英寸,,背照式CMOS,奥林巴斯STYLUS 1,,触摸屏，旋转屏，高清屏,3968×2976,1200万
高端单反,2.06万,APS-C画幅（23.5*15.7mm）,,CMOS,尼康D500 100周年纪念版,电子控制纵走式焦平面快门,触摸屏，翻折屏,5568×3712,2088万
消费，长焦，广角,1299,1/2.3英寸,,背照式CMOS,尼康L830,机械电子快门,旋转屏，高清屏,4608×3456,1605万
高端单反,2.04万,全画幅（36*24mm）,自动，手动，添加除尘数据,CMOS,佳能5D Mark III套机(24-70mm F4),电子控制焦平面快门,高清屏,5760×3840,2230万
消费，长焦，广角,1799,1/2.3英寸,,背照式CMOS,奥林巴斯SP-100EE,,高清屏,4608×3456,1600万
专业，广角，长焦,价格面议,1英寸,,背照式CMOS,佳能G17,,,,
高端单反,1.83万,全画幅（36*24mm）,自动，手动，添加除尘数据,CMOS,佳能5Ds R套机(24-70mm II USM),电子控制焦平面快门,高清屏,8688×5792,5060万
微单,2699,APS画幅（22.3*14.9mm）,除尘功能：自动、手动、添加除尘数据,CMOS,佳能EOS M2套机(EF-M 18-55mm，EF-M 22mm，90EX闪光灯),电子控制焦平面快门,触摸屏，高清屏,5184×3456,1800万
高端单反,4.54万,全画幅（35.9*23.9mm）,,CMOS,尼康D5套机(24-70mm),电子控制纵走式焦平面快门,触摸屏,5568×3712,2082万
微单,2.78万,35.9x23.9mm,图像传感器格式：FX,CMOS,尼康Z7套机(卡口适配器 FTZ),,触摸屏,,4575万
消费，长焦，广角,2180,1/2.3英寸,,背照式CMOS,柯达AZ651,,翻转屏，高清屏,5184×3888,2068万
消费，卡片,6399,1英寸（13.2*8.8mm）,,Exmor RS CMOS,索尼RX100 VA存储卡套机,电子快门,旋转屏,5472×3648,2010万
消费，长焦，广角,1859,1/2.3英寸,,CMOS,富士S9400W,机械快门,高清屏,4608×3456,1620万
全幅数码旁轴相机,6.32万,全画幅（36*24mm）,,CCD,徕卡M-MONOCHROM,,,5212×3472,1800万
长焦,1799,,,CCD,佳能SX420 IS,,LCD,,2000万
消费，卡片,1550,1/1.7英寸,,CMOS,卡西欧ZR3600,机械电子快门,旋转屏，高清屏,4000×3000,1210万
微单,2.34万,APS-C画幅（23.6*15.7mm）,,CMOS,徕卡T套机(18-56mm),,触摸屏,4928×3264,1630万
中端单反,6050,APS-C画幅（23.5*15.7mm）,,CMOS,尼康D7500套机(18-55mm VR),电子控制纵走式焦平面快门，电子前帘快门（适用于反光板弹起释放模式）,触摸屏，旋转屏,5568×3712,2088万
微单,1.25万,APS-C画幅（23.6*15.7mm）,,CMOS,徕卡TL(Typ 701),,高清屏,4928×3264,1630万
消费，长焦，广角,1100,1/2.3英寸,,背照式CMOS,三星WB350F,,,4608×3456,1630万
高端单反,2.04万,全画幅（35.8*23.9mm）,自动，手动，添加除尘数据,CMOS,佳能6D套机(16-35mm II),电子控制焦平面快门,高清屏,5472×3648,2020万
微单,1.22万,APS-C画幅（23.5*15.6mm）,,Exmor CMOS,索尼A6500套机(18-105mm G OSS),电子控制纵走式焦平面快门,触摸屏，旋转屏,6000×4000,2420万
高端单反,1.27万,APS-C画幅（23.5*15.7mm）,,CMOS,尼康D500套机(16-80mm),,触摸屏，翻折屏,5568×3712,2090万
消费，卡片,3199,1/1.7英寸,,背照式CMOS,卡西欧TR700,电子快门,触摸屏，旋转屏,4000×3000,1110万
三防，微单,4799,1英寸（13.2*8.8mm）,,CMOS,尼康AW1套机(11-27.5mm),电子快门,,,1425万
消费，长焦，广角,799,,,,柏卡16-Z21S,,,4608×3456,1600万
入门单反,3499,APS画幅（23.5*15.6mm）,清洁图像传感器、图像除尘参考数据（需要另购的Capture NX 2 软件）,CMOS,尼康D5200套机(18-105mm),电子控制纵走式焦平面快门,旋转屏，高清屏,,2410万
入门单反,2688,APS画幅（23.5*15.6mm）,清洁图像传感器，图像除尘参考数据（需要另购的Capture NX 2 软件）,CMOS,尼康D3300套机(18-55mm VR II),电子控制纵走式焦平面快门,高清屏,6000×4000,2416万
入门单反,3699,APS画幅（23.5*15.6mm）,,CMOS,尼康D3400套机(18-140mm ED VR),电子控制纵走式焦平面快门,,,2416万
单电,6799,4/3画幅（17.3*13mm）,,CMOS,奥林巴斯E-M1套机(12-50mm),,触摸屏，高清屏,4608×3456mm,1630万
消费，卡片,2899,1/2.3英寸,,CMOS,松下ZS60,,LCD屏,,1800万
全景相机,1998,,,,Insta360 One,,,,2400万
高端单反,3.36万,全画幅（35.9*23.9mm）,,CMOS,尼康D850套机(14-24mm f/2.8G ED),电子控制纵走式焦平面快门,触摸屏，旋转屏,8256×5504,4575万
微单,1888,1英寸,,背照式CMOS,尼康1 J4套机(10-30mm),电子快门,触摸屏，高清屏,5232×3488,
高端单反,概念产品,中画幅（45*30mm）,,,徕卡S3,,,,6400万
微单,1999,13.2×8.8mm,传感器格式：CX,背照式CMOS,尼康1 J5套机(10-30mm f/3.5-5.6),电子快门,触摸屏，旋转屏,,2081万
消费，专业,1399,其它尺寸（2/3英寸）,原色滤光阵列，可控制摩尔纹和伪色，无需光学低通滤镜,X-Trans CMOS II,富士XQ1,,高清屏,4000×3000,1200万
消费，专业,概念产品,全画幅,,,索尼RX2,,,,
微单,6790,APS-C画幅（23.6*15.6mm）,,X-Trans CMOS III,富士X-T20套机(XC 15-45mm),电子控制纵走式焦平面快门,旋转屏,,2430万
中端单反,7199,APS画幅（23.5*15.6mm）,清洁图像传感器，图像除尘参考数据（需要另购的Capture NX 2 软件）,CMOS,尼康D7100套机(VR 18-200mm),电子控制纵走式焦平面快门,高清屏,6000×4000,2410万
单电,9850,4/3画幅（17.3*13mm）,,Live MOS,松下GH4套机(14-140mm),焦平面快门,高清屏，OLED屏,4608×3456,1605万
中端单反,9505,APS画幅（22.3*14.9mm）,"长宽比：3:2 
除尘功能：自动，手动，添加除尘数据",CMOS,佳能60D套机(17-85mm IS，70-300 IS，270EX II灯),电子控制纵走式焦平面快门,旋转屏，高清屏,5184×3456,1800万
高端单反,1.73万,全画幅（35.9*24mm）,清洁影像传感器、图像除尘参考数据（需要捕影工匠软件）,CMOS,尼康D750套机(16-35mm),电子控制纵走式焦平面快门,翻转屏，高清屏,6016×4016,2432万
中端单反,7199,APS画幅（23.5*15.6mm）,清洁图像传感器，图像除尘参考数据（需要另购的Capture NX 2 软件）,CMOS,尼康D7100套机(VR 18-200mm),电子控制纵走式焦平面快门,高清屏,6000×4000,2410万
消费，卡片，长焦，广角,599,1/2.3英寸,,CCD,卡西欧ZS35,机械电子快门,,5152×3864,2010万
微单,1.14万,,"带原色滤镜的23.5mm×15.6mm(APS-C) X-Trans CMOS 4
传感器清洁系统：超声波振动",CMOS,富士X-T3套机(XF 35mm f/2.0),焦平面快门,触摸彩色液晶显示屏（约100％视野率）,,2610万
消费，卡片,999,1/1.7英寸,,CMOS,卡西欧EX-10,,翻转屏，高清屏,4000×3000,1200万
微单,4.18万,全画幅（35.6*23.8mm）,,Exmor RS CMOS,索尼ILCE-9套机(70-200mm GM OSS),电子控制纵走式焦平面快门,触摸屏，旋转屏,6000×4000,2420万
微单,1888,1英寸,,背照式CMOS,尼康1 J4套机(10-30mm),电子快门,触摸屏，高清屏,5232×3488,
中端单反,7899,APS画幅（23.5*15.6mm）,清洁图像传感器，图像除尘参考数据（需要另购的Capture NX 2 软件）,CMOS,尼康D7100套机(16-85mm),电子控制纵走式焦平面快门,高清屏,6000×4000,2410万
消费，专业,概念产品,全画幅,,,索尼RX2,,,,
消费,1288,1/2.3英寸,,Exmor RS CMOS,索尼KW1,,触摸屏，高清屏，OLED屏,,1920万
入门单反,2799,APS画幅（22.3*14.9mm）,,CMOS,佳能1300D(18-55mm IS II)银色版,电子控制纵走式焦平面快门,,5184×3456,1800万
入门单反,5499,APS画幅（22.3*14.9mm）,除尘功能：自动，手动，添加除尘数据,CMOS,佳能750D套机(18-55mm，55-250mm),电子控制焦平面快门,高清屏,6000×4000,2420万
消费，卡片,839,1/2.3英寸,,CCD,佳能IXUS 170,,,5152×3864,2000万
消费，卡片，长焦，广角,1899,1/2.3英寸,,CMOS,松下ZS50,,高清屏,4000×3000,1200万
消费，卡片，长焦，广角,1299,（1/2.3）英寸,,CCD,尼康L320,机械电子快门,高清屏,4608×3456,1614万
消费，卡片，长焦,1699,1/2.3英寸,,CMOS,佳能N,,触摸屏，旋转屏，高清屏,4000×3000,1210万
消费，卡片,1099,1/1.7英寸,,CMOS,卡西欧ZR3700,机械电子快门,旋转屏,4000×3000,1210万
消费，专业,1.49万,,,,徕卡Mini M,,,,1650万
消费，三防,1799,1/2.3英寸,,背照式CMOS,佳能D30,,,4000×3000,1210万
消费，卡片，长焦，广角,1799,1/2.3英寸,,CMOS,卡西欧ZR2000,机械电子快门,旋转屏，高清屏,4608×3456,1610万
入门单反,5199,APS画幅（23.5*15.6mm）,除尘系统：清洁影像传感器，影像除尘参考数据,CMOS,尼康D5500套机(18-140mm),电子控制纵走式焦平面快门,触摸屏，翻折屏，高清屏,6000×4000,2416万
高端单反,价格面议,,,,尼康D5s,,,,
微单,1.21万,全画幅（35.8*23.9mm）,,Exmor CMOS,索尼A7 II套机(24-240mm),电子控制纵走式焦平面快门,旋转屏，高清屏,6000×4000,2430万
消费,6599,1英寸,,CMOS,松下ZS200,,触摸屏,,2010万
高端单反,2.99万,全画幅（35.9*23.9mm）,,CMOS,尼康D850套机(70-200mm f/2.8E FL ED VR),电子控制纵走式焦平面快门,触摸屏，旋转屏,8256×5504,4575万
消费，长焦，广角,969,1/2.3英寸,,CMOS,宾得XG-1,,高清屏,4608×3456,1600万
消费，专业,1399,其它尺寸（2/3英寸）,原色滤光阵列，可控制摩尔纹和伪色，无需光学低通滤镜,X-Trans CMOS II,富士XQ1,,高清屏,4000×3000,1200万
微单,2888,APS画幅（23.6*15.6mm）,,CMOS,富士X-A2套机(XF27mm f/2.8),焦平面快门,翻转屏，高清屏,4896×3264,1630万
微单,1.79万,全画幅（35.8*23.9mm）,,Exmor CMOS,索尼A7 II套机(FE 28-70mm，70-200mm),电子控制纵走式焦平面快门,旋转屏，高清屏,6000×4000,2430万
微单,2799,APS画幅（23.5*15.7mm）,,CMOS,三星NX300M,电子控制纵走式焦平面快门,触摸屏，旋转屏，高清屏，AMOLED显示屏,5472×3468,2030万
消费，卡片,629,1/2.3英寸,,CCD,尼康S2900,机械电子快门,,5152×3864,2005万
入门单反,2988,APS画幅（22.3*14.9mm）,,CMOS,佳能1300D套机(18-55mm IS II),电子控制纵走式焦平面快门,,5184×3456,1800万
消费，长焦，广角,概念产品,1英寸,,,尼康P700,,,,
高端单反,2.91万,全画幅（36*24mm）,自动，手动，添加除尘数据,CMOS,佳能5Ds套机(24-70mm II USM),电子控制焦平面快门,高清屏,,5060万
消费，广角,4850,1/1.7英寸,,CMOS,徕卡D-lux6黑漆限量版,电子快门,高清屏,3648×2736,1010万
高端单反,概念产品,中画幅（45*30mm）,,,徕卡S3,,,,6400万
消费，卡片,2399,1/2.3英寸,,CMOS,奥林巴斯TG-4,,高清屏,4608×3456,1600万
消费，卡片，长焦，广角,2699,1/2.3英寸,,背照式CMOS,三星Galaxy Camera 2,,触摸屏，高清屏,4608×3456,1630万
微单,4799,APS画幅,,背照式CMOS,三星NX500套机(16-50mm),,翻转屏，高清屏，OLED屏,6480×4320,2800万
微单,8499,全画幅（35.8*23.9mm）,,Exmor CMOS,索尼ILCE-7套机(FE 28-70mm，50mm),电子控制纵走式焦平面快门,旋转屏，高清屏,6000×4000,2430万
卡片,990,,,CCD,佳能IXUS 180,,LCD,,2000万
消费，卡片,2799,1/1.7英寸,,CMOS,卡西欧ZR5500,机械电子快门,旋转屏，高清屏,4000×3000,1210万
入门单反,2999,APS画幅（23.5*15.6mm）,清洁图像传感器、图像除尘参考数据（需要另购的Capture NX 2 软件）,CMOS,尼康D5200套机(18-55mm),电子控制纵走式焦平面快门,旋转屏，高清屏,,2410万
微单,2.92万,APS-C画幅（23.6*15.7mm）,长宽比为3:2,,徕卡CL(18-56mm),电子快门,触摸屏,6014×4014,2424万
四防,2798,1/2.3英寸,,CMOS,松下TS7,,,,
消费，长焦，广角,2000,1/2.3英寸,加速器，地理磁感器，回旋传感器，回转传感器（针对 OIS）,背照式CMOS（BSI CMOS）,三星GC110,机械电子快门,触摸屏,4608×3456,1630万
微单,2.08万,35.9x23.9mm,图像传感器格式：FX,CMOS,尼康Z6套机(32GXQD，卡口适配器 FTZ),,翻转触控屏,,2450万
入门单反,3300,APS画幅（22.3*14.9mm）,除尘功能：手动，添加除尘数据,CMOS,佳能1200D套机(18-55mm II，55-250mm II),电子控制焦平面快门,高清屏,5184×3456,1800万
入门单反,4899,APS画幅（23.5*15.6mm）,,CMOS,尼康D5600套机(18-105mm),电子控制纵走式焦平面快门,触摸屏，旋转屏,6000×4000,2416万
消费，卡片,750,1/2.3英寸,,CCD,尼康S2800,机械电子快门,,5152×3864,2005万
入门单反,3599,APS画幅（22.3*14.9mm）,自动，手动，添加除尘数据,CMOS,佳能700D套机(EF-S 18-55mm STM)大情圣套装,电子控制焦平面快门,触摸屏，高清屏,5184×3456,1800万
微单,4499,APS画幅（22.3*14.9mm）,除尘功能：开启/关闭电源时，可自动或手动实施,CMOS,佳能EOS M3套机(18-55mm，55-200mm),电子控制焦平面快门,触摸屏，高清屏,6000×4000,2420万
消费，卡片，广角，三防,1968,1/2.3英寸,,CMOS,尼康AW130s,机械电子快门,高清屏，OLED屏,4608×3456,1605万
,即将上市,中画幅（53.4×40mm）,,CMOS,飞思IQ3 100MP Achromatic,电子快门,触摸屏,11608×38708,10000万
高端单反,价格面议,,,,佳能6D Mark II,,,,
微单,1.33万,APS-C画幅（23.5*15.6mm）,,Exmor CMOS,索尼A6500套机(E 18-135mm OSS),电子控制纵走式焦平面快门,触摸屏，旋转屏,6000×4000,2420万
中端单反,8088,APS画幅（23.5*15.6mm）,清洁图像传感器，图像除尘参考数据（需要另购的Capture NX 2 软件）,CMOS,尼康D7100套机(18-300mm),电子控制纵走式焦平面快门,高清屏,6000×4000,2410万
微单,2.98万,全画幅,,CMOS,徕卡Q电镀银版,机械电子快门,,,2420万
入门单反,3699,APS画幅（23.5*15.6mm）,图像传感器清洁，气流控制系统，图像除尘参考数据（需搭配另购的Capture NX 2 软件）,CMOS,尼康D5300套机(18-55mm VR II),电子控制纵走式焦平面快门,旋转屏，高清屏,,2416万
微单,4299,APS画幅（23.6*15.6mm）,超声波振动方式,X-Trans CMOS,富士X-E1套机(XC16-50mm),焦平面快门,高清屏,4896×3264,1630万
微单,7790,APS-C画幅（23.5*15.6mm）,,X-Trans CMOS III,富士X-E3套机(XF 18-55mm),电子控制纵走式焦平面快门,触摸屏,6000×4000,2430万
入门单反,3800,APS画幅（23.5*15.6mm）,,CMOS,尼康D3400套机(18-105mm VR),电子控制纵走式焦平面快门,,,2416万
微单,3599,APS-C画幅（23.5*15.7mm）,,CMOS,富士X-A5套机(XC 16-50mm II),电子控制纵走式焦平面快门,触摸屏，旋转屏,6000×4000,2420万
微单,4299,APS画幅（23.5*15.6mm）,,Exmor APS HD CMOS,索尼ILCE-5100套机(16-50mm，50mm),电子控制纵走式焦平面快门,触摸屏，翻转屏，高清屏,,2430万
入门单反,4149,APS画幅（22.3*14.9mm）,除尘功能：自动，手动，添加除尘数据,CMOS,佳能760D套机(18-55mm),电子控制焦平面快门,高清屏,6000×4000,2420万
旁轴数码,11.5万,,,CMOS,徕卡M Edition 60,,,,2400万
旁轴数码,4.9万,全画幅,,CMOS,徕卡M 100周年纪念版,,,5952×3976,2400万
微单,2888,1/1.7英寸,摄像元件通过“DR II”超声波抖动除尘,,宾得Q-S1套机(5-15mm),,,4000×3000,1240万
高端单反,3.62万,全画幅（35.9*23.9mm）,长宽比：3:2,CMOS,佳能EOS-1D X Mark II套机(50mm f/1.4),电子控制纵走式焦平面快门,触摸屏,5472×3648,2020万
微单,2999,APS-C画幅（23.6*15.6mm）,,CMOS,富士X-A20(XC 15-45mm),电子控制纵走式焦平面快门,触摸屏，旋转屏,4896×3264,1630万
,699,,,Sony IMX 317,米家小相机,,触摸屏,3840×2160,
微单,5万,全画幅,,CMOS,徕卡Q(Typ 116) 皓雪版,机械电子快门,,,2420万
高端单反,价格面议,全画幅（36*23.9mm）,清洁图像传感器，图像除尘参考数据（需要另购的Capture NX2 软件）,CMOS,尼康Df金色限量版,电子控制纵走式焦平面快门,高清屏,4928×3280,1625万
微单,6399,APS-C画幅（23.5*15.6mm）,,Exmor CMOS sensor,索尼A6300套机(E PZ 16-50mm，E 55-210mm),电子控制纵走式焦平面快门,旋转屏,6000×4000,2420万
入门单反,3150,APS画幅（22.3*14.9mm）,,CMOS,佳能1300D套机(18-55mm IS II，55-250mm IS II),电子控制纵走式焦平面快门,,5184×3456,1800万
微4/3系统数码微单,1799,4/3画幅（17.3*13mm）,超声波除尘（传感器除尘系统）,Live MOS,奥林巴斯E-PL5套机(14-42mm II R),电子控制焦平面快门,触摸屏，旋转屏，高清屏,4608×3456,1610万
中画幅数码单反,10.4万,,,CCD,哈苏CFV-50,,,6132×8176,5000万
微单,4299,APS-C画幅（22.3*14.9mm）,,CMOS,佳能EOS M100套机(EF-M 22mm STM),电子控制纵走式焦平面快门,触摸屏，旋转屏,6000×4000,2420万
入门单反,4559,APS画幅（23.5*15.6mm）,图像传感器清洁，气流控制系统，图像除尘参考数据（需搭配另购的Capture NX 2 软件）,CMOS,尼康D5300套机(18-200mm),电子控制纵走式焦平面快门,旋转屏，高清屏,,2416万
微单,3499,APS-C画幅（23.6*15.7mm）,,CMOS,富士X-A3套机(XC 16-50mm),电子控制纵走式焦平面快门,触摸屏，旋转屏,,2420万
,5.49万,,,CMOS,飞思645XF,,触摸屏,,100万
入门单反,3299,APS画幅（22.3*14.9mm）,自动，手动，添加除尘数据,CMOS,佳能100D套机(EF-S 18-55mm STM)白色版,电子控制焦平面快门,触摸屏，高清屏,5184×3456,1800万
单反,2699,22.3×14.9mm,,CMOS,佳能3000D套机(EF-S 18-55mm IS II),电子控制纵走式焦平面快门,,,1800万
消费,4299,APS画幅,,Foveon X3,适马DP1 Quattro,,高清屏,7680×4320,2900万
高端单反,3.96万,全画幅（35.9*23.9mm）,,CMOS,尼康D5套机(50mm),电子控制纵走式焦平面快门,触摸屏,5568×3712,2082万
高端单反,4.54万,全画幅（35.9*23.9mm）,,CMOS,尼康D5套机(14-24mm),电子控制纵走式焦平面快门,触摸屏,5568×3712,2082万
数码后背,31.7万,中画幅（53.7*40.3mm）,像素大小：5.2μm,,玛米亚利图WS80,,触摸屏,10320×7752,8000万
消费,4500,,,Sony CMOS,Insta360 4K全景相机,,OLED屏,,
微单,9599,（4/3）英寸,传感器尺寸：17.3×13.0mm,Live MOS,奥林巴斯E-M5 II套机(14-150mm II),,触摸屏，旋转屏,4608×3456,
微单，单电,4198,4/3画幅,17.3x13.0mm,Live MOS,松下GF10套机(12-32mm),电子控制纵走式焦平面快门，快门按钮，手动快门，脸部快门，好友快门,触摸屏，旋转屏,4592×3448,1600万
单电,3.69万,全画幅,,,哈苏HV,,,,2430万
微单,4899,23.6×15.6mm,,X-Trans CMOS II,富士X-T10套机(16-50mmII),电子控制纵走式焦平面快门,旋转屏,,1630万
高端单反,价格面议,全画幅,,CMOS,尼康D820,,,,4600万
微单,3598,4/3画幅（17.3*13mm）,,Live MOS,松下GF9XGK,电子控制纵走式焦平面快门,触摸屏，旋转屏,4592×3448,1600万
消费,1599,1/2.3英寸,,CMOS,理光THETA SC,,,5376×2688,1200万
单电,3388,4/3画幅,,Live MOS,松下GM5,,,,
消费，卡片，三防,998,1/2.33英寸,,CCD,松下TS30,,,4608×3456,1600万
高端单反,1.36万,全画幅（35.9*24mm）,,CMOS,宾得K-1银色限量版,电子控制纵走式焦平面快门,旋转屏，高清屏,7360×4912,3640万
微单，单电,6498,4/3画幅,17.3x13.0mm,Live MOS,松下GX9套机(12-32mm),焦平面快门,触摸屏,,2030万
微单,2599,4/3画幅（17.3*13mm）,原色滤镜,Live MOS,松下GF7套机(12-32mm),电控焦平面快门，电子快门,触摸屏，翻转屏，高清屏,4592×3448,1600万
消费,899,,,,理光THETA M15,,,,1000万
消费，卡片，长焦，广角,1300,1/2.3英寸,,背照式CMOS（BSI CMOS）,三星WB800F,,触摸屏,4608×3456,1630万
消费，长焦，广角,899,1/2.3英寸,,CMOS,柯达AZ522,,高清屏,,
消费,999,1/2.3英寸,,背照式CMOS,OPPO O-lens1,,,,1635万
消费，卡片,即将上市,1/2.3英寸,,BSI-CMOS,理光G900,,,5184×3888,2000万
中端单反,4999,APS画幅（23.7*15.7mm）,除尘：感光元件抖动和SP镀膜,CMOS,宾得K-50套机(DA 18-135mm WR),电子控制纵走式焦平快门,高清屏,4928×3264,1628万
消费，三防,529,,,Exmor R BSI CMOS,小米小蚁运动相机 旅行版,,,4608×3456,1600万
微单,4499,23.5×15.7mm,,背照式CMOS,三星NX500套机(18-55mm),,触摸屏，旋转屏,6480×4320,2820万
微单,概念产品,,,,松下GH6,,,,
微单,7599,4/3画幅（17.4*13mm）,,4/3Live MOS,奥林巴斯PEN-F套机(17mm f/1.8),焦平面快门,触摸屏,5184×3888,2030万
微单,2999,,,CMOS,小米小蚁M1套机(42.5mm，12-40mm),电子控制纵走式焦平面快门,触摸屏,5184×3888,2016万
,概念产品,中画幅（53.4*40mm）,,sony CMOS,飞思iXU 1000,,,11608×8708,10000万
消费，卡片，长焦，广角,918,,,CCD,松下SZ10,,,,1600万
消费，长焦,2698,1/2.3英寸,,CCD,柯达AZ652,,翻转屏,,2068万
消费,2999,1/2.3英寸,,CMOS,卡西欧FR100,,触摸屏,4000×3000,1020万
4/3系统数码微单,3599,4/3画幅（17.3*13mm）,超声波除尘（传感器除尘系统）,Live MOS,奥林巴斯E-P5套机(14-42mm II R),电子控制焦平面快门,"触摸屏，旋转屏，高清屏 
触摸控制：触摸释放快门，触摸放大，触摸实时向导，AF 区域选择，AF区域放大，前一张/后一张，回放放大，触摸选择超级控制面板，触摸选择艺术滤镜，触摸选择场景模式，触摸选择Wi-Fi连接
翻转角度：向上最多80度，向下最多50度
亮度调整：7级
色调选择：鲜艳，普通",4608×3456,1610万
消费，卡片，长焦，广角,900,1/2.3英寸,,背照式CMOS,卡西欧ZR500,机械电子快门,高清屏,4608×3456,1610万
单电,3699,4/3画幅（17.3*13mm）,超声波除尘（传感器除尘系统）,Live MOS,奥林巴斯E-M10套机(14-42mm EZ),电子控制焦平面快门,触摸屏，翻转屏,4608×3456,1610万
入门单反,4499,APS-C画幅,,CMOS,宾得K-70套机(18-55mm WR),,旋转屏，高清屏,6000×4000,2400万
消费，卡片，长焦，广角,828,1/2.3英寸,,CCD,三星WB30F,机械电子快门,,4608×3456,1620万
微单,7758,APS画幅（23.5*15.6mm）,,Exmor APS HD CMOS,索尼ILCE-6000套机(E 18-200mm),电子控制纵走式焦平面快门,高清屏，翻转屏,6000×4000,2430万
消费，长焦，广角,1699,1/2.3英寸,,CCD,尼康L340,机械电子快门,高清屏,5152×3864,2016万
中端单反,6698,APS画幅（23.5*15.6mm）,"摄像元件""DR II""机构：超声波抖动除尘，具有灰尘警告功能。
低通滤镜模拟器：基于SR元件的摩尔纹减少功能。关闭，类型1，类型2",CMOS,宾得K-3套机(18-135mm WR),电子控制纵走式焦平面快门,高清屏,6016×4000,2435万
消费，卡片,710,1/2.3英寸,,CCD,三星DV150F,,双屏幕,4608×3456,1620万
消费，卡片，三防,1599,1/2.3英寸,,CMOS,富士XP120,,高清屏,,1640万
高端单反,4.22万,中画幅（43.8*32.8mm）,无低通滤镜设计,CMOS,宾得645Z套机(FA75mm),电子控制纵走式焦平面快门,,,5140万
微单,6499,APS-C画幅（23.5*15.6mm）,,Exmor CMOS sensor,索尼A6300套机(E 50mm f/1.8 OSS),电子控制纵走式焦平面快门,旋转屏,6000×4000,2420万
三防,799,1/2.3英寸,,CMOS,HTC 如影(Re),,,,1600万
中端单反,8599,APS画幅（23.5*15.6mm）,,CMOS,尼康D7200套机(16-85mm VR),电子控制纵走式焦平面快门,高清屏,6000×4000,2416万
高端单反,价格面议,,,,佳能5DS R II,,触摸屏,,6010万
消费，广角,1.05万,1/1.7英寸,,CMOS,徕卡D-lux6 100周年纪念版,电子快门,高清屏,3648×2736,1010万
微单,3.01万,全画幅（35.6*23.8mm）,,Exmor CMOS,索尼ILCE-7S套机(FE 24-70mm，FE 70-200mm),电子控制纵走式焦平面快门,翻转屏，高清屏,4240×2832,1220万
微单,3.8万,全画幅,,CMOS,徕卡Q(Typ 116) 四城定制款重庆版,机械电子快门,,,2420万
微单,2199,APS-C画幅（23.6*15.7mm）,,CMOS,富士X-A10套机(XC 16-50mm II，XC 50-230mm II),电子控制纵走式焦平面快门,旋转屏,4896×3264,1630万
消费,5391,1英寸,,MOS,松下CM10,机械电子快门,触摸屏，高清屏,5472×3648,2010万
旁轴数码,8.59万,24×36mm,全画幅CMOS传感器,CMOS,徕卡M10套机(28mm f/2),,,5976×3992,2400万
高端单反,24.38万,中画幅（53.7*40.4mm）,像素尺寸：5.2μm,CCD,玛米亚利图Credo 80(玛米亚口),,触摸屏，高清屏,10320×7752,8000万
微单,3300,APS画幅（23.6*15.6mm）,"配有原色滤镜
传感器清洁系统：超声波振动",X-Trans CMOS,富士X-M1套机(XC 16-50mm),焦平面快门,旋转屏，高清屏,4896×3264,1630万
高端单反,2.44万,全画幅（35.9*24mm）,清洁影像传感器、图像除尘参考数据（需要捕影工匠软件）,CMOS,尼康D750套机(70-200mm),电子控制纵走式焦平面快门,翻转屏，高清屏,6016×4016,2432万
中端单反,1.17万,APS-C画幅（23.5*15.7mm）,,CMOS,尼康D7500套机(16-80mm VR),电子控制纵走式焦平面快门，电子前帘快门（适用于反光板弹起释放模式）,触摸屏，旋转屏,5568×3712,2088万
消费，长焦，广角,799,1/2.3英寸,,CMOS,GE通用电气X600,机械电子快门,,4320×3240,1400万
消费，卡片,6799,1英寸（13.2*8.8mm）,,Exmor RS CMOS,索尼RX100 VA握柄套机,电子快门,旋转屏,5472×3648,2010万
消费，卡片，长焦,2449,1/2.3英寸,,CMOS,卡西欧ZR800,机械电子快门,,4608×3456,1610万
消费,1499,1/2.3英寸,,背照式CMOS,卡西欧EX-FR100L,电子快门,触摸屏,4000×3000,1020万
,概念产品,全画幅,,,索尼A7R IV,,,,
消费，卡片,398,1/2.3英寸,,CCD,尼康L29,机械电子快门,,4608×3456,1614万
单电,2299,23.5*15.7mm,,CMOS,三星NX3300,,,5472×3648,2030万
单电,6898,4/3画幅（17.3*13.0mm）,,Live MOS,松下GX85套机(12-32mm),电子快门,触摸屏,4592×3448,1600万
消费,1999,1/2.3英寸,,CMOS,理光THETA S,,,5376×2688,1200万
M4/3系统微单相机,2900,4/3画幅（17.3*13mm）,,Live MOS,松下GX1套机(14mm，14-42mm),,高清屏，触摸屏,4592×3448,1600万
消费，长焦,900,1/2.3英寸,,CMOS,奥林巴斯SZ-16,,高清屏,,1600万
消费，卡片，长焦,1950,1/2.3英寸,,背照式CMOS,卡西欧ZR700,机械电子快门,高清屏,4608×3456,1610万
消费，卡片，长焦,1000,1/2.3英寸,,背照式CMOS,尼康S6600,机械电子快门,高清屏,4608×3456,
微单,7599,4/3画幅（17.4*13mm）,,4/3Live MOS,奥林巴斯PEN-F套机(14-42mm EZ),焦平面快门,触摸屏,5184×3888,2030万
高端单反,价格面议,,,CCD,尼康D2H,电磁调控纵走式焦平快门,,2464×1632,410万
中端单反,8899,APS画幅（23.5*15.6mm）,,CMOS,宾得K-3II套机(HD DA 16-85mm WR),,,6016×4000,2400万
入门单反,3549,APS画幅（23.5*15.6mm）,清洁图像传感器，图像除尘参考数据（需要另购的Capture NX 2 软件）,CMOS,尼康D3300套机(18-105mm),电子控制纵走式焦平面快门,高清屏,6000×4000,2416万
微单,8888,全画幅（35.8*23.9mm）,,Exmor CMOS,索尼ILCE-7套机(FE 35mm),电子控制纵走式焦平面快门,旋转屏，高清屏,6000×4000,2430万
微单,概念产品,,,,松下S1S,,,,
微单,7390,APS-C画幅（23.5*15.6mm）,,X-Trans CMOS III,富士X-E3套机(XF 23mm),电子控制纵走式焦平面快门,触摸屏,6000×4000,2430万
,概念产品,,,,奥林巴斯E-M5 III,机械电子快门,,,2180万
高端单反,2.32万,全画幅（36*24mm）,自动，手动，添加除尘数据,CMOS,佳能5Ds R套机(70-200mm IS II USM),电子控制焦平面快门,高清屏,8688×5792,5060万
微单,4099,1英寸,,背照式CMOS,尼康1 J4套机(10-100mm),电子快门,触摸屏，高清屏,5232×3488,
微单,2480,1英寸,,CMOS,尼康1 S2套机(10-30mm),电子快门,,4592×3072,1418万
中端单反,8169,APS画幅（23.6*15.6mm）,除尘系统：清洁图像传感器，图像除尘参考数据（需要另购的Capture NX2软件）,CMOS,尼康D7000套机(18-300mm),电子控制纵走式焦平面快门,高清屏,4928×3264,1620万
微单,8499,APS-C画幅（23.6*15.6mm）,,X-Trans CMOS III,富士X-T2套机(XF 35mm),电子控制纵走式焦平面快门,旋转屏,6000×4000,2430万
微单,2.9万,全画幅（35.9*24mm）,长宽比：3：2,Exmor R CMOS,索尼A7RII套机(FE 28-135mm),电子控制纵走式焦平面快门,旋转屏,,4240万
消费，长焦，广角,1299,1/2.3英寸,,CCD,柯达AZ501,,高清屏,,1615万
消费，长焦,2199,1/1.7英寸,,,奥林巴斯STYLUS 1s,,,,1200万
航拍无反,即将上市,中画幅（53.4*40mm）,,CMOS,哈苏A6D-100C,,,,10000万
入门单反,价格面议,APS-C画幅,,CMOS,佳能810D,,,,2800万
数码后背,22.15万,中画幅（53.7*40.4mm）,,CMOS,飞思IQ1 100MP,,,11608×8708,10100万
高端单反,4.1万,全画幅（36.0*23.9mm）,清洁影像传感器、图像除尘参考数据,,尼康D4s套机(24-70mm),,高清屏,4928×3280,1623万
微单,8799,1英寸（13.2*8.8mm）,,CMOS,尼康V3套机(10-30mm PD，DF-N1000，GR-N1010),电子控制纵走式焦平面快门，电子快门,触摸屏，翻转屏，高清屏,5232×3488,1839万
,5.73万,,,,阿尔帕12 MAX,,,,
微单,3.02万,全画幅（35.9*24mm）,长宽比：3：2,Exmor R CMOS,索尼A7RII套机(FE 24-70mm GM),电子控制纵走式焦平面快门,旋转屏,,4240万
微单，工业,即将上市,全画幅,,,索尼UMC-S3C,,,,1200万
旁轴数码,2.7万,,,,徕卡M-A(Typ 127),,,,
消费，长焦,600,1/2.3英寸,,CCD,明基GH610,,高清屏,,1600万
消费，专业,即将上市,1英寸,,MOS,松下TX1,机械电子快门,触摸屏,,2010万
单电,1.59万,4/3画幅（17.4*13mm）,,Live MOS,奥林巴斯E-M1 II套机(12-40mm PRO),电子控制纵走式焦平面快门,触摸屏，旋转屏,5184×3888,2040万
卡片，三防,2330,1/2.3英寸,,背照式CMOS,奥林巴斯TG-870,旋转式快门,旋转屏,,1600万
卡片,即将上市,APS画幅（23.7*15.7mm）,,CMOS,理光GR II Silver Edition,,高清屏,,1620万
高端单反,3.57万,,,,玛米亚利图645DF+,,,,
单反,4088,22.3×14.9mm,,CMOS,佳能1500D套机(EF-S 18-55mm IS II，EF-S 55-250mm IS II),电子控制纵走式焦平面快门,,,2410万
入门单反,4099,APS画幅（23.5*15.6mm）,除尘系统：清洁影像传感器，影像除尘参考数据,CMOS,尼康D5500套机(18-55mm VR II),电子控制纵走式焦平面快门,触摸屏，翻折屏，高清屏,6000×4000,2416万
消费，卡片，三防,2499,1/2.3英寸,,背照式CMOS,奥林巴斯TG-Tracker,,,,720万
微单,5699,4/3画幅,,Live MOS,奥林巴斯E-PL9(14-42mm EZ，40-150mm R),电子控制纵走式焦平面快门,触摸屏，旋转屏,4608×3456,1610万
广角,3.3万,1/2.33英寸,,,Insta360 Pro 2,,,,
消费，卡片,1699,1/2.3英寸,,背照式CMOS,卡西欧ZR65,机械电子快门,旋转屏,4608×3456,1610万
单反,4088,22.3×14.9mm,,CMOS,佳能1500D套机(EF-S 18-55mm IS II，EF-S 55-250mm IS II),电子控制纵走式焦平面快门,,,2410万
高端单反,3.57万,,,,玛米亚利图645DF+,,,,
微单,1.12万,APS-C画幅（23.6*15.6mm）,,X-Trans CMOS III,富士X-T2(XF 18-55mm)碳晶灰版,电子控制纵走式焦平面快门,旋转屏,6000×4000,2430万
中端单反,6998,APS画幅（23.5*15.6mm）,清洁图像传感器，图像除尘参考数据（需要另购的Capture NX 2 软件）,CMOS,尼康D7100套机(18-105mm，35mm),电子控制纵走式焦平面快门,高清屏,6000×4000,2410万
微单,1.55万,全画幅（35.9*24mm）,长宽比：3：2,Exmor R CMOS,索尼A7RII套机(FE 55mm),电子控制纵走式焦平面快门,旋转屏,,4240万
消费，卡片,700,1/2.3英寸,,CCD,佳能IXUS 165,,,5152×3864,2000万
入门单反,6399,APS-C画幅,,CMOS,宾得K-70套机(18-135mm WR),,旋转屏，高清屏,6000×4000,2400万
微单,4199,APS画幅（23.6*15.6mm）,"配有原色滤镜
传感器清洁系统：超声波振动",X-Trans CMOS,富士X-M1套机(XF27mm),焦平面快门,旋转屏，高清屏,4896×3264,1630万
微单,7.99万,全画幅（24*36mm）,,CMOS,徕卡SL套机(50mm),,触摸屏,6000×4000,2400万
单电,3099,4/3画幅（17.3*13mm）,超声波除尘（传感器除尘系统）,Live MOS,奥林巴斯E-M5套机(12-50mm EZ),电子控制焦平面快门,触摸屏,4608×3456,1610万
中端单反,7900,APS画幅（23.6*15.6mm）,除尘系统：清洁图像传感器，图像除尘参考数据（需要另购的Capture NX2软件）,CMOS,尼康D7000套机(16-85mm),电子控制纵走式焦平面快门,高清屏,4928×3264,1620万
消费,399,1/2.3英寸,,,富士JX660,,,4608×3440,1600万
消费，卡片，长焦,899,1/2.3英寸,,背照式CMOS,尼康S6900,机械电子快门,翻转屏,4608×3456,1602万
高端单反,4.26万,全画幅（35.9*23.9mm）,长宽比：3:2,CMOS,佳能EOS-1D X Mark II套机(70-200mm II IS),电子控制纵走式焦平面快门,触摸屏,5472×3648,2020万
微单,1.46万,APS-C画幅（23.6*15.6mm）,APS-X,X-Trans CMOS III,富士X-PRO 2(XF 23mm)石墨灰版,机械电子快门,液晶显示器,,2430万
广角,2.49万,,,,Insta360 Pro,,,,
消费,599,1/2.3英寸,,背照式CMOS,卡西欧MR1,机械电子快门,,4320×3240,1400万
单电,5599,APS画幅（23.5*15.7mm）,RGB 原色滤镜,CMOS,三星NX30套机(18-55mm),电子控制纵走式焦平面快门,触摸屏，旋转屏，AMOLED显示屏,5472×3648,2030万
消费,999,1/2.3英寸,,,卡西欧ZR50,机械电子快门,翻转屏,4608×3456,1610万
消费，卡片,1759,1/2.3英寸,,背照式CMOS,奥林巴斯SH-2,,触摸屏，高清屏,4608×3456,1600万
消费，卡片，广角，长焦,629,1/2.3英寸,,CCD,尼康S3700,机械电子快门,,5152×3864,2005万
微单,4099,APS画幅（23.6*15.6mm）,超声波振动,CMOS,富士X-A1套机(XC16-50mm，50-230mm),焦平面快门,旋转屏，高清屏,4896×3264,1630万
高端单反,2.16万,APS-C画幅（23.5*15.7mm）,,CMOS,尼康D500套机(24-70mm),,触摸屏，翻折屏,5568×3712,2090万
微单,2.9万,全画幅（35.6*23.8mm）,,Exmor CMOS,索尼A7SII套机(24-70mm，70-200mm),电子控制纵走式焦平面快门,翻转屏，高清屏,4240×2832,1220万
高端单反,2.89万,全画幅（35.9*23.9mm）,,CMOS,尼康D850套机(24-70mm f/2.8G ED),电子控制纵走式焦平面快门,触摸屏，旋转屏,8256×5504,4575万
高端单反,3.08万,全画幅（35.9*23.9mm）,,CMOS,尼康D850套机(16-35mm f/4G ED VR),电子控制纵走式焦平面快门,触摸屏，旋转屏,8256×5504,4575万
高端单反,3.4万,全画幅（35.9*23.9mm）,,CMOS,尼康D850套机(85mm f/1.4G),电子控制纵走式焦平面快门,触摸屏，旋转屏,8256×5504,4575万
单电,6300,4/3画幅（17.3*13mm）,超声波除尘（传感器除尘系统）,Live MOS,奥林巴斯E-M5套机(14-42mm II R，40-150mm II R),电子控制焦平面快门,触摸屏,4608×3456,1610万
旁轴数码,10.23万,全画幅,,CMOS,徕卡M-P乒乓球拍限量版,,,5952×3976,2400万
全景相机,1799,,,,三星Gear 360,,,7776×3888,1500万
高端单反,价格面议,,,CMOS,尼康DF2,,,,2400万
三防,即将上市,1/2.3英寸,,CMOS,理光WG-6,,,,
入门单反,2499,APS画幅（23.5*15.6mm）,除尘：感光元件驱动及SP镀层,CMOS,宾得K-S1 Sweets Collection,电子控制纵走式焦平面快门,高清屏,5472×3648,2012万
微单,2.22万,全画幅（35.6*23.8mm）,,Exmor CMOS,索尼A7SII套机(24-70mm),电子控制纵走式焦平面快门,翻转屏，高清屏,4240×2832,1220万
消费，长焦,999,1/2.3英寸,,背照式CMOS,尼康S810C,机械电子快门,触摸屏，高清屏,4608×3456,1602万
微单,2190,APS画幅（23.5*15.7mm）,超声波除尘,CMOS,三星NX1100套机(20-50mm),电子控制垂直焦平面快门,高清屏,5472×3648,2030万
消费,899,1/2.3英寸,,CMOS,奥林巴斯SZ-17,,,,1600万
消费，长焦，广角,1588,1/2.3英寸,,CMOS,富士S8450W,机械快门,高清屏,4608×3456,1620万
微单,2729,4/3画幅（17.3*13mm）,除尘系统：超声波除尘（传感器除尘系统）,Live MOS,奥林巴斯E-PL7套机(14-42mm II R),电子控制焦平面快门,触摸屏，翻转屏,4608×3456,1610万
单电,1.15万,4/3画幅（17.3*13mm）,,Live MOS,松下GH4套机(12-35mm),焦平面快门,高清屏，OLED屏,4608×3456,1605万
高端单反,4.37万,全画幅（35.9*23.9mm）,长宽比：3:2,CMOS,佳能EOS-1D X Mark II套机(50mm f/1.2L),电子控制纵走式焦平面快门,触摸屏,5472×3648,2020万
微单,9999,17.3×13mm,,Live MOS,松下G7套机(14-140mm),,OLED屏，触摸屏，旋转屏,4592×3448,1600万
,1.93万,,,CMOS,徕卡X法兰西特别限量版,,,,1600万
消费，卡片，广角,799,1/2.3英寸,,CMOS,明基G2F,,旋转屏，高清屏,,1800万
卡片，三防,959,,,,尼康W100,,,,
,10.3万,,,,阿尔帕12 FPS,,,,
微单，单电,4698,4/3画幅,17.3x13.0mm,Live MOS,松下GF10套机(14-42mm),电子控制纵走式焦平面快门，快门按钮，手动快门，脸部快门，好友快门,触摸屏，旋转屏,4592×3448,1600万
单电,1.03万,APS画幅（23.6*15.6mm）,,X-Trans CMOS,富士X-Pro 1套机(XF18-55mm),焦平面快门,高清屏,4896×3264,1600万
微单,1999,1英寸（13.2*8.8mm）,颜色滤镜：RGB 原色滤镜,背照式CMOS,三星NX mini套机(9-27mm),,触摸屏，旋转屏，高清屏,5472×3648,2050万
微单,2.84万,全画幅（35.6*23.8mm）,,Exmor RS CMOS,索尼ILCE-9套机(24-70mm ZA OSS),电子控制纵走式焦平面快门,触摸屏，旋转屏,6000×4000,2420万
单电,3499,4/3画幅（17.3*13mm）,超声波除尘（传感器除尘系统）,Live MOS,奥林巴斯E-M10套机(14-42mm II R),电子控制焦平面快门,触摸屏，翻转屏,4608×3456,1610万
高端单反,1.39万,APS-C画幅（23.5*15.7mm）,,CMOS,尼康D500套机(18-200mm),,触摸屏，翻折屏,5568×3712,2090万
消费，三防,1400,1/2.3英寸,,,富士XP70,,,,1640万
消费，卡片，广角，三防,1499,1/2.3英寸,,背照式CMOS,尼康AW120s,机械电子快门,高清屏,4608×3456,1605万
单电,概念产品,APS画幅,,Exmor APS HD CMOS,索尼A3500(单机),,,,2010万
入门单反,5399,APS画幅（23.5*15.6mm）,图像传感器清洁，气流控制系统，图像除尘参考数据（需搭配另购的Capture NX 2 软件）,CMOS,尼康D5300套机(18-140mm，35mm),电子控制纵走式焦平面快门,旋转屏，高清屏,,2416万
单电,3799,4/3画幅（17.3*13.0mm）,,Live MOS,奥林巴斯E-M10 II套机(14-42mm EZ),焦平面快门,触摸屏，旋转屏,4608×3456,1610万
单电,1.03万,APS画幅（23.6*15.6mm）,,X-Trans CMOS,富士X-Pro 1套机(XF18-55mm),焦平面快门,高清屏,4896×3264,1600万
微单,2.05万,全画幅（35.6*23.8mm）,,Exmor CMOS,索尼A7SII套机(24-240mm),电子控制纵走式焦平面快门,翻转屏，高清屏,4240×2832,1220万
消费,3499,,,,理光THETA V,,,5376×2688,1200万
微单,3.8万,全画幅,,CMOS,徕卡Q(Typ 116) 四城定制款杭州版,机械电子快门,,,2420万
入门单反,3480,APS画幅（22.3*14.9mm）,自动，手动，添加除尘数据,CMOS,佳能100D套机(EF-S 18-55mm STM)小桃仙套装,电子控制焦平面快门,触摸屏，高清屏,5184×3456,1800万
微单,概念产品,,,,索尼A5300,,,,
微单,5289,APS画幅（23.5*15.6mm）,,Exmor APS HD CMOS,索尼ILCE-6000套机(E PZ 16-50mm， E 50mm),电子控制纵走式焦平面快门,高清屏，翻转屏,6000×4000,2430万
微单,3660,1英寸（13.2*8.8mm）,,CMOS,尼康V3套机(10-30mm PD),电子控制纵走式焦平面快门，电子快门,触摸屏，翻转屏，高清屏,5232×3488,1839万
消费,399,,PDAF相位对焦,背照式CMOS,小米小默AI相机,,,,
入门单反,4999,APS画幅（23.5*15.6mm）,除尘系统：清洁影像传感器，影像除尘参考数据,CMOS,尼康D5500套机(18-105mm VR),电子控制纵走式焦平面快门,触摸屏，翻折屏，高清屏,6000×4000,2416万
微单,1699,1英寸,,CMOS,尼康1 S2套机(11-27.5mm),电子快门,,4592×3072,1418万
M4/3系统微单相机,2099,4/3画幅（17.3*13mm）,,LIVE MOS,松下GF5套机(X 14-42mm),,触摸屏，高清屏,4000×3000,1210万
卡片,1469,1/2.3英寸,,CMOS,卡西欧ZR55,机械电子快门，电子快门,旋转屏,4608×3456,1610万
消费,968,1/2.3英寸,,CMOS,卡西欧FR10,,触摸屏,4320×3240,1400万
微单,1.35万,APS-C画幅（23.5*15.6mm）,,Exmor CMOS,索尼A6500套机(18-200mm OSS LE),电子控制纵走式焦平面快门,触摸屏，旋转屏,6000×4000,2420万
微单,3.05万,APS-C画幅（23.5*15.6mm）,,Exmor CMOS,索尼A6500套机(FE 70-200mm),电子控制纵走式焦平面快门,触摸屏，旋转屏,6000×4000,2420万
入门单反,2399,APS画幅（23.2*15.4mm）,影像感应器清洁，影像除尘参照数据（需要可选择的Capture NX 2软件）,CMOS,尼康D3200套机(18-55mm II),电子控制纵走式焦平面快门,高清屏,6016×4000,2416万
微单,1999,1/1.7英寸,"含原色滤光镜
除尘：摄像元件通过“DR II”超声波抖动除尘",背照式CMOS,宾得Q7套机(5-15mm),,,4000×3000,1240万
入门单反,价格面议,APS-C画幅,,CMOS,佳能150D,,触摸屏，旋转屏,,2400万
中画幅,5.98万,,,,阿尔帕12SWA,,,,
消费,1499,1/2.3英寸,,CMOS,卡西欧TR-M10,,,,1050万
微单,2200,APS画幅（23.5*15.7mm）,,CMOS,三星NX3000套机(16-50mm OIS，SEF-8闪光灯),,旋转屏,5472×3648,2030万
消费，卡片,880,1/2.3英寸,,背照式CMOS,尼康S5300,机械电子快门,高清屏,4608×3456,1602万
消费，卡片，长焦，广角,839,,,CCD,三星WB35F,,,,1600万
微单,3.8万,全画幅,,CMOS,徕卡Q(Typ 116) 四城定制款上海版,机械电子快门,,,2420万
中端单反,7900,APS画幅（23.5*15.6mm）,"摄像元件DR II机构：超声波抖动除尘，具有灰尘警告功能。
低通滤镜模拟器：基于SR元件的摩尔纹减少功能。关闭，类型1，类型2",CMOS,宾得K-3单机威望版,电子控制纵走式焦平面快门,高清屏,6016×4000,2435万
单电,8499,APS画幅（23.6*15.6mm）,传感器清洁系统：超声波振动,X-Trans CMOS II,富士X-T1套机(18-135mm),焦平面快门,翻转屏，高清屏,4896×3264,1630万
微单,2648,4/3画幅（17.3*13mm）,,Live MOS,松下GF8套机(12-32mm),电子控制纵走式焦平面快门,触摸屏，翻转屏，高清屏,,1600万
消费，广角,739,1/2.3英寸,,CCD,柯达FZ152,,,,1615万
消费，长焦，广角,1299,1/2.3英寸,,CCD,柯达AZ361,机械电子快门,,4608×3456,1615万
高端单反,2.87万,全画幅（36*24mm）,自动，手动，添加除尘数据,CMOS,佳能5Ds套机(70-200mm IS II USM),电子控制焦平面快门,高清屏,,5060万
入门单反,4299,APS画幅（22.3*14.9mm）,除尘功能：自动，手动，添加除尘数据,CMOS,佳能750D套机(50mm STM),电子控制焦平面快门,高清屏,6000×4000,2420万
单电,8999,APS画幅（23.5*15.6mm）,,Exmor APS HD CMOS,索尼A77 II套机(18-135mm),电子控制纵走式焦平面快门,翻转屏，高清屏,6000×4000,2430万
单电,概念产品,全画幅,,,索尼A7X,,,,5000万
微单,2.79万,APS-C画幅（23.6*15.7mm）,长宽比为3:2,,徕卡CL(18mm),电子快门,触摸屏,6014×4014,2424万
单电,概念产品,APS-C画幅（24.9*16.6mm）,,Exmor CMOS,索尼A68(单机),,LCD旋转屏,,2400万
消费，卡片，三防,1999,1/2.3英寸,,背照式CMOS,奥林巴斯TG-3,,高清屏,,1600万
旁轴数码,9.5万,全画幅,,CMOS,徕卡M-P熊猫版,,,5952×3976,2400万
中端单反,8399,APS画幅（23.5*15.6mm）,,CMOS,宾得K-3II套机(18-135mm WR),,,6016×4000,2400万
微单,6799,APS-C画幅（23.6*15.6mm）,,X-Trans CMOS III,富士X-T20套机(XF 35mm),电子控制纵走式焦平面快门,旋转屏,,2430万
微单,1.15万,全画幅（35.8*23.9mm）,,Exmor CMOS,索尼ILCE-7套机(FE 24-70mm),电子控制纵走式焦平面快门,旋转屏，高清屏,6000×4000,2430万
消费，长焦,5999,,,CMOS,锡恩帝HX500,,,4608×3456,1600万
单电,9999,4/3画幅（17.3*13mm）,,CMOS,奥林巴斯E-M1套机(12-40mm),,触摸屏，高清屏,4608×3456mm,1630万
入门单反,价格面议,,,,佳能EOS REBEL,,,,
微单,3400,1英寸（13.2*8.8mm）,,CMOS,尼康1 S1套机(11-27.5mm，30-110mm),电子快门,高清屏,3872×2592,1011万
消费，卡片,价格面议,,,,佳能G3 X Mark II,,,,
消费，卡片，长焦,998,1/2.3英寸,,CCD,奥林巴斯SZ-15,,,,1600万
高端单反,2.29万,全画幅（36*24mm）,自动，手动，添加除尘数据,CMOS,佳能5Ds套机(16-35mm II USM),电子控制焦平面快门,高清屏,,5060万
高端单反,4.53万,全画幅（35.9*23.9mm）,,CMOS,尼康D5套机(24-70mm VR),电子控制纵走式焦平面快门,触摸屏,5568×3712,2082万
入门单反,4680,APS画幅（23.5*15.6mm）,除尘：感光元件驱动及SP镀层,CMOS,宾得K-S1套机(18-55mm，50-200mm),电子控制纵走式焦平面快门,高清屏,5472×3648,2012万
旁轴数码,4.52万,23.9×35.8mm,,CMOS,徕卡M-D(Typ 262),,无,,2400万
微单,1.45万,全画幅（35.8*23.9mm）,,Exmor CMOS,索尼A7 II套机(FE 28-70mm，蔡司35mm f/2.8),电子控制纵走式焦平面快门,旋转屏，高清屏,6000×4000,2430万
消费，卡片，长焦,1100,1/2.3英寸,,背照式CMOS,尼康S6800,机械电子快门,,4608×3456,1602万
微单,1.28万,全画幅（35.8*23.9mm）,,Exmor CMOS,索尼A7 II卡口适配器套装,电子控制纵走式焦平面快门,旋转屏，高清屏,6000×4000,2430万
消费，专业,概念产品,,,,松下LX200,,,,
微单,1.4万,APS-C画幅（23.6*15.6mm）,APS-X,X-Trans CMOS III,富士X-PRO 2套机(XF 23mm),机械电子快门,液晶显示器,,2430万
入门单反,4499,,无低通滤光镜,CMOS,宾得K-S2套机(18-50mm),,旋转屏,,2012万
入门单反,5999,,无低通滤光镜,CMOS,宾得K-S2套机(18-135mm),,旋转屏,,2012万
消费，卡片，长焦，广角,1498,1/2.33英寸,,CMOS,松下ZS45,,,4608×3456,1600万
消费，长焦,999,1/2.3英寸,,CCD,明基GH688F,,旋转屏,,2000万
高端单反,1.83万,全画幅（36*24mm）,自动，手动，添加除尘数据,CMOS,佳能5Ds R套机(16-35mm II USM),电子控制焦平面快门,高清屏,8688×5792,5060万
微单,1.75万,全画幅（35.6*23.8mm）,,Exmor CMOS,索尼ILCE-7S套机(FE 24-70mm，FE 55mm),电子控制纵走式焦平面快门,翻转屏，高清屏,4240×2832,1220万
M4/3系统数码单电,2299,4/3画幅（17.3*13mm）,基色滤镜，超声波滤镜,Live MOS,松下GF6套机(14-42mm II),焦平面快门,触摸屏，旋转屏，高清屏,4592×3448,1600万
微单,4399,APS-C画幅（23.6*15.7mm）,,CMOS,富士X-A3套机(XC 16-50mm，50-230mm),电子控制纵走式焦平面快门,触摸屏，旋转屏,,2420万
微单,1.44万,全画幅（35.8*23.9mm）,,Exmor CMOS,索尼A7 II套机(16-35mm),电子控制纵走式焦平面快门,旋转屏，高清屏,6000×4000,2430万
微单,3588,APS画幅（23.6*15.6mm）,,CMOS,富士X-A2套机(XC 16-50mm，XC 50-230mm),焦平面快门,翻转屏，高清屏,4896×3264,1630万
入门单反,5498,APS画幅（23.5*15.6mm）,图像传感器清洁，气流控制系统，图像除尘参考数据（需搭配另购的Capture NX 2 软件）,CMOS,尼康D5300套机(18-55mm，55-300mm),电子控制纵走式焦平面快门,旋转屏，高清屏,,2416万
消费，长焦,价格面议,1/2.3英寸,,CMOS,佳能SX270 HS,,高清屏,4000×3000,1210万
高端单反,9.6万,中画幅（43.9*32.9mm）,像素尺寸：6.0μm,CCD,玛米亚利图Credo 40,,触摸屏，高清屏,8984×6732,4000万
单电,5399,APS画幅（23.6*15.6mm）,,X-Trans CMOS,富士X-Pro 1套机(XF18mm),焦平面快门,高清屏,4896×3264,1600万
高端单反,1.9万,全画幅（35.9*24mm）,清洁影像传感器、图像除尘参考数据（需要捕影工匠软件）,CMOS,尼康D750套机(14-24mm),电子控制纵走式焦平面快门,翻转屏，高清屏,6016×4016,2432万
微单,2999,22.3×14.9mm,APS-C画幅,CMOS,佳能EOS M10套机(15-45mm，22mm),电子控制焦平面快门,TFT彩色液晶监视器,,1800万
微单,6790,APS-C画幅（23.6*15.6mm）,,X-Trans CMOS III,富士X-T20套机(XC 16-50mm II，50-230mm II),电子控制纵走式焦平面快门,旋转屏,,2430万
中端单反,9400,APS画幅（23.5*15.6mm）,"摄像元件""DR II""机构：超声波抖动除尘，具有灰尘警告功能。
低通滤镜模拟器：基于SR元件的摩尔纹减少功能。关闭，类型1，类型2",CMOS,宾得K-3 Premium Silver Edition 全球限量版,电子控制纵走式焦平面快门,高清屏,6016×4000,2435万
消费，卡片，四防,1699,1/2.3英寸,,CMOS,富士XP90,,LCD屏，高清屏,,1640万
消费，长焦，广角,1699,1/2.3英寸,,背照式CMOS,柯达AZ526,,高清屏,4608×3456,1635万
旁轴数码,9.47万,24×36mm,全画幅CMOS传感器,CMOS,徕卡M10套机(16-18-21mm f/4),,,5976×3992,2400万
微单,6690,APS-C画幅（23.6*15.6mm）,,X-Trans CMOS III,富士X-T20套机(XF 27mm),电子控制纵走式焦平面快门,旋转屏,,2430万
入门单反,5138,APS画幅（22.3*14.9mm）,除尘功能：自动，手动，添加除尘数据,CMOS,佳能760D套机(50mm STM),电子控制焦平面快门,高清屏,6000×4000,2420万
入门单反,3899,APS画幅（23.5*15.6mm）,除尘系统：清洁影像传感器，影像除尘参考数据,CMOS,尼康D5500套机(18-55mm VR),电子控制纵走式焦平面快门,触摸屏，翻折屏，高清屏,6000×4000,2416万
微单,9999,全画幅（35.8*23.9mm）,,Exmor CMOS,索尼A7 II套机(FE 28-70mm，50mm),电子控制纵走式焦平面快门,旋转屏，高清屏,6000×4000,2430万
微单,2799,4/3画幅（17.3*13mm）,,Live MOS,松下GF8套机(14-42mm),电子控制纵走式焦平面快门,触摸屏，翻转屏，高清屏,,1600万
消费，卡片，三防,1299,1/2.3英寸,,背照式CMOS,富士XP80,,,4608×3456,1640万
微单,1.11万,全画幅（35.8*23.9mm）,,Exmor CMOS,索尼ILCE-7套机(FE 24-240mm),电子控制纵走式焦平面快门,旋转屏，高清屏,6000×4000,2430万
微单,价格面议,1英寸,,,尼康1 J6,,,,
消费，三防,概念产品,,,,小米小蚁4K+运动相机,,,,
中端单反,4999,APS画幅（23.7*15.7mm）,除尘：感光元件抖动和SP镀膜,CMOS,宾得K-50套机(L 18-55mm WR，L 50-200mm WR),电子控制纵走式焦平快门,高清屏,4928×3264,1628万
单电,6900,APS画幅（23.5*15.7mm）,传感器模式：加速度传感器，地磁传感器，距离传感器，陀螺仪，RGB光传感器,CMOS,三星GN100(单机),,触摸屏,5472×3648,2030万
,价格面议,,,,尼康D620,,,,2400万
单电,1.19万,APS画幅（23.6*15.6mm）,传感器清洁系统：超声波振动,X-Trans CMOS II,富士X-T1套机(XF18-55mm，XF55-200mm),焦平面快门,翻转屏，高清屏,4896×3264,1630万
消费，卡片,908,,,,尼康S33,,,,
微单,1.11万,全画幅（35.8*23.9mm）,,Exmor CMOS,索尼ILCE-7套机(FE 24-240mm),电子控制纵走式焦平面快门,旋转屏，高清屏,6000×4000,2430万
微单,1.81万,APS-C画幅（23.5*15.6mm）,,Exmor CMOS,索尼A6500套机(FE 70-300mm),电子控制纵走式焦平面快门,触摸屏，旋转屏,6000×4000,2420万
微单,6399,23.6×15.6mm,,X-Trans CMOS II,富士X-T10套机(18-55mm),电子控制纵走式焦平面快门,旋转屏,,1630万
旁轴数码,6.49万,24×36mm,全画幅CMOS传感器,CMOS,徕卡M10套机(35mm f/2.4),,,5976×3992,2400万
消费，长焦，广角,2000,1/2.3英寸,,背照式CMOS,三星WB2200F,,,,1630万
微单,1.79万,全画幅（35.9*24mm）,长宽比：3：2,CMOS,索尼A7RII套机(FE 16-35mm),电子控制纵走式焦平面快门,旋转屏,,4240万
微单,9999,全画幅（35.8*23.9mm）,,Exmor CMOS,索尼A7 II套机(FE 28-70mm，50mm),电子控制纵走式焦平面快门,旋转屏，高清屏,6000×4000,2430万
,25.9万,中画幅（53.9*40.4mm）,,CCD,飞思IQ360MP,电子控制纵走式焦平面快门,触摸屏,,6000万
消费，卡片，长焦,1599,1/2.3英寸,,背照式CMOS,奥林巴斯SH-1,,触摸屏，高清屏,,1600万
入门单反,3899,APS画幅（23.5*15.6mm）,除尘系统：清洁影像传感器，影像除尘参考数据,CMOS,尼康D5500套机(18-55mm VR),电子控制纵走式焦平面快门,触摸屏，翻折屏，高清屏,6000×4000,2416万
消费，卡片，长焦，广角,800,1/2.3英寸,,背照式CMOS,卡西欧ZR410,机械电子快门,,4608×3456,1610万
中端单反,4999,APS画幅（23.7*15.7mm）,除尘：感光元件抖动和SP镀膜,CMOS,宾得K-50套机(L 18-55mm WR，L 50-200mm WR),电子控制纵走式焦平快门,高清屏,4928×3264,1628万
,1498,,,,Insta360 Nano S,,,,
,概念产品,,,,索尼A77 III,,,,
微单,概念产品,中画幅,,,富士X-T2 Pro,,,,
卡片,859,1/2.33英寸,,CCD,三星DV180F,,,,
消费，卡片，长焦,5799,1/1.7英寸,,CMOS,徕卡C 金粉限量版,,,,1210万
入门单反,4848,APS画幅（23.5*15.6mm）,图像传感器清洁，气流控制系统，图像除尘参考数据（需搭配另购的Capture NX 2 软件）,CMOS,尼康D5300套机(18-55mm，35mm),电子控制纵走式焦平面快门,旋转屏，高清屏,,2416万
高端单反,1.45万,APS-C画幅（23.5*15.7mm）,,CMOS,尼康D500套机(24-120mm),,触摸屏，翻折屏,5568×3712,2090万
消费，长焦,599,其它尺寸（1/2.33英寸）,,CCD,GE通用电气X550,机械电子快门,,4608×3456,1607万
高端单反,价格面议,全画幅,,,尼康N1404,,,,
消费，卡片,2939,1/2.3英寸,,背照式CMOS,卡西欧TR350s十二星座限量版,机械电子快门,,4000×3000,1210万
微单,2.32万,全画幅（35.8*23.9mm）,,Exmor CMOS,索尼A7 II套机(FE 28-135mm),电子控制纵走式焦平面快门,旋转屏，高清屏,6000×4000,2430万
微单,1.82万,全画幅（35.6*23.8mm）,,Exmor CMOS,索尼A7SII套机(28-70mm),电子控制纵走式焦平面快门,翻转屏，高清屏,4240×2832,1220万
微单,概念产品,44×33mm,1亿像素背照式索尼传感器,CMOS,哈苏X1D-100C,,,,
单电,8299,APS画幅（23.6*15.6mm）,,X-Trans CMOS,富士X-Pro 1套机(XF35mm),焦平面快门,高清屏,4896×3264,1600万
旁轴数码,7.36万,24×36mm,全画幅CMOS传感器,CMOS,徕卡M10套机(28mm f/5.6),,,5976×3992,2400万
微单,4399,4/3画幅,,Live MOS,奥林巴斯E-PL8套机(14-42，40-150mm),电子控制纵走式焦平面快门,触摸屏，旋转屏,4608×3456,1610万
旁轴数码,概念产品,中画幅（44*33mm）,,,索尼AM1,,,,
微单,6.21万,全画幅（35.8*23.9mm）,,CMOS,徕卡M(Typ 262)红色涂装限量版,机械快门,高清屏,5976×3992,2410万
微单,3.51万,全画幅（35.6*23.8mm）,,Exmor RS CMOS,索尼ILCE-9套机(70-200mm),电子控制纵走式焦平面快门,触摸屏，旋转屏,6000×4000,2420万
微单,3.16万,全画幅（35.6*23.8mm）,,Exmor RS CMOS,索尼ILCE-9套机(FE 24-240mm),电子控制纵走式焦平面快门,触摸屏，旋转屏,6000×4000,2420万
单电,7799,APS画幅（23.6*15.6mm）,传感器清洁系统：超声波振动,X-Trans CMOS II,富士X-T1套机(XF18-55mm),焦平面快门,翻转屏，高清屏,4896×3264,1630万
高端单反,2.94万,全画幅（35.9*23.9mm）,,CMOS,尼康D850套机(105mm f/2.8G IF-ED VR),电子控制纵走式焦平面快门,触摸屏，旋转屏,8256×5504,4575万
长焦,即将上市,1/2.3英寸,,CMOS,奥林巴斯SH-3,,触摸屏，高清屏,,1600万
单电,7799,APS画幅（23.6*15.6mm）,传感器清洁系统：超声波振动,X-Trans CMOS II,富士X-T1套机(XF 35mm f/1.4),焦平面快门,翻转屏，高清屏,4896×3264,1630万
微单,1.45万,全画幅（35.8*23.9mm）,,Exmor CMOS,索尼A7 II手柄闪光灯套装,电子控制纵走式焦平面快门,旋转屏，高清屏,6000×4000,2430万
微单,2.05万,全画幅（35.8*23.9mm）,,Exmor CMOS,索尼ILCE-7套机(FE 28-135mm),电子控制纵走式焦平面快门,旋转屏，高清屏,6000×4000,2430万
中端单反,9200,APS画幅（23.5*15.6mm）,"摄像元件DR II机构：超声波抖动除尘，具有灰尘警告功能。
低通滤镜模拟器：基于SR元件的摩尔纹减少功能。关闭，类型1，类型2",CMOS,宾得K-3威望版套机(18-55mm WR),电子控制纵走式焦平面快门,高清屏,6016×4000,2435万
高端单反,价格面议,,,CMOS,佳能4K新概念相机,,,,
消费，卡片，长焦，广角,799,1/2.3英寸,,CCD,卡西欧ZS50,机械电子快门,高清屏,4608×3456,1610万
广角,1288,,,,Insta360 Nano,,,,
微单,即将上市,全画幅（35.8*23.8mm）,,CMOS,徕卡Q碳纤维版,机械电子快门,触摸屏,,2400万
消费，卡片,7888,1/2.3英寸,,背照式CMOS,卡西欧TR350s HELLO KITTY 40周年限量版,机械电子快门,,4000×3000,1210万
高端单反,价格面议,,,CMOS,佳能4K新概念相机,,,,
旁轴数码,概念产品,中画幅（44*33mm）,,,索尼AM1,,,,
入门单反,4898,APS画幅（23.5*15.6mm）,图像传感器清洁，气流控制系统，图像除尘参考数据（需搭配另购的Capture NX 2 软件）,CMOS,尼康D5300套机(18-55mm，55-200mm),电子控制纵走式焦平面快门,旋转屏，高清屏,,2416万
微单,4399,APS画幅（23.5*15.7mm）,,CMOS,三星NX3000套机(20-50mm，50-200mm),,旋转屏,5472×3648,2030万
单电,5839,4/3画幅（17.3*13.0mm）,,Live MOS,奥林巴斯E-M10 II套机(40-150mm),焦平面快门,触摸屏，旋转屏,4608×3456,1610万
微单,2799,APS画幅（23.6*15.6mm）,超声波振动,CMOS,富士X-A1套机(XC16-50mm)悦色版,焦平面快门,旋转屏，高清屏,4896×3264,1630万
,概念产品,中画幅（53.4×40mm）,,sony CMOS,飞思iXU-R 1000,,,11608×8708,10000万
单电,7799,APS画幅（23.6*15.6mm）,传感器清洁系统：超声波振动,X-Trans CMOS II,富士X-T1套机(XF 35mm f/1.4),焦平面快门,翻转屏，高清屏,4896×3264,1630万
高端单反,17.25万,中画幅（53.9*40.4mm）,像素尺寸：6.0μm,CCD,玛米亚利图Credo 60(玛米亚口),,触摸屏，高清屏,8984×6732,6000万
广角,1288,,,,Insta360 Nano,,,,
,24.9万,44×33mm,,CMOS,飞思IQ350MP,电子控制纵走式焦平面快门,触摸屏,,8280万
长焦,1499,1/2.3英寸,,CCD,柯达AZ422,,,,2016万
微单,2.05万,全画幅（35.8*23.9mm）,,Exmor CMOS,索尼ILCE-7套机(FE 28-135mm),电子控制纵走式焦平面快门,旋转屏，高清屏,6000×4000,2430万
消费，三防,899,1/2.3英寸,,CMOS,理光WG-30W,,,4608×3456,1600万
消费，卡片,600,,,CCD,卡西欧ZS26,机械电子快门,,4608×3456,
消费，卡片，长焦，广角,799,1/2.3英寸,,CCD,卡西欧ZS50,机械电子快门,高清屏,4608×3456,1610万
高端单反,1.17万,APS-C画幅（23.5*15.7mm）,,CMOS,尼康D500套机(50mm f/1.8D),,触摸屏，翻折屏,5568×3712,2090万
消费，卡片，广角，四防,1850,1/2.3英寸,,背照式CMOS,奥林巴斯TG-850,,,,1600万
微单,概念产品,44×33mm,1亿像素背照式索尼传感器,CMOS,哈苏X1D-100C,,,,
单电,1.21万,4/3画幅（17.3*13mm）,,Live MOS,松下GH4套机(35-100mm),焦平面快门,高清屏，OLED屏,4608×3456,1605万
微单,4000,APS画幅（23.5*15.7mm）,RGB 原色滤镜,CMOS,三星NX2000套机(20-50mm II，50-200mm),电子控制垂直焦平面快门,触摸屏，高清屏,5472×3648,2030万
旁轴数码,即将上市,24×36mm,全画幅CMOS传感器,CMOS,徕卡M10 Zagato限量版,,,5976×3992,2400万
微单,1.22万,APS-C画幅（23.5*15.6mm）,,Exmor CMOS,索尼A6500套机(FE 28mm),电子控制纵走式焦平面快门,触摸屏，旋转屏,6000×4000,2420万
微单,5399,23.6×15.6mm,,X-Trans CMOS II,富士X-T10套机(27mm f/2.8),电子控制纵走式焦平面快门,旋转屏,,1630万
单电,6799,APS画幅（23.6*15.6mm）,传感器清洁系统：超声波振动,X-Trans CMOS II,富士X-T1套机(XF 18mm f/2),焦平面快门,翻转屏，高清屏,4896×3264,1630万
三防，运动,1299,1/2.3英寸,,CMOS,理光WG-M2,,LCD屏,3264×2448,800万
微单,2.36万,APS-C画幅（23.6*15.7mm）,,CMOS,徕卡T套机(23mm),,触摸屏,4928×3264,1630万
多功能照相机,价格面议,,,,佳能MM100-WS,,,,
微单,2.17万,全画幅（35.8*23.9mm）,,Exmor CMOS,索尼A7 II套机(FE 24-70mm，70-200mm),电子控制纵走式焦平面快门,旋转屏，高清屏,6000×4000,2430万
单电,1.78万,APS画幅（23.5*15.7mm）,,背照式CMOS,三星NX1至尊套装(16-50mm),,触摸屏，OLED屏,6480×4320,2820万
消费，专业,概念产品,1英寸,,CMOS,索尼RX20,,,,2010万
消费,1760,4/3画幅,,CMOS,奥林巴斯Air A01,,,,1605万
消费，长焦,9499,,,CMOS,锡恩帝HX700,,,5152×3864,2000万
消费，卡片，三防,1939,1/2.3英寸,,CMOS,奥林巴斯TG-860,,,,1600万
消费，长焦，广角,620,1/2.3英寸,,CCD,尼康L31,机械电子快门,,,1614万
,概念产品,,,CMOS,宾得645D II,,,,10000万
消费,概念产品,,,,松下TZ200,,,,
微单,2.78万,全画幅（35.6*23.8mm）,,Exmor CMOS,索尼ILCE-7S套机(28-135mm),电子控制纵走式焦平面快门,翻转屏，高清屏,4240×2832,1220万
高端单反,1.25万,APS-C画幅（23.5*15.7mm）,,CMOS,尼康D500套机(24-85mm),,触摸屏，翻折屏,5568×3712,2090万
消费，长焦，广角,1599,1/2.3英寸,,CMOS,柯达AZ521,电子快门,高清屏,,
单电,1.31万,APS画幅（23.5*15.6mm）,,Exmor APS HD CMOS,索尼A77 II套机(18-135mm，50mm F1.4),电子控制纵走式焦平面快门,翻转屏，高清屏,6000×4000,2430万
,概念产品,APS-C画幅,,Exmor CMOS,索尼RX5,电子快门,触摸屏,,
微单,6298,APS-C画幅（23.6*15.7mm）,,CMOS,富士X-A3套机(XC 16-50mm，XF 27mm),电子控制纵走式焦平面快门,触摸屏，旋转屏,,2420万
微单,3699,4/3画幅（17.3*13mm）,除尘系统：超声波除尘（传感器除尘系统）,Live MOS,奥林巴斯E-PL7套机(14-42mm II R，40-150mm),电子控制焦平面快门,触摸屏，翻转屏,4608×3456,1610万
广角,788,,,,Insta360 Air,,,,
中端单反,概念产品,,,,富士GFX100,,,,
微单,6499,23.6×15.6mm,,X-Trans CMOS II,富士X-T10套机(XC16-50mm II，XC 50-230mm II),电子控制纵走式焦平面快门,旋转屏,,1630万
微单,5699,23.6×15.6mm,,X-Trans CMOS II,富士X-T10套机(XF 35mm),电子控制纵走式焦平面快门,旋转屏,,1630万
4/3系统数码单电,9698,4/3画幅,,Live MOS,松下GX8套机(14-140mm),,,,2030万
微单,8098,17.3×13mm,,Live MOS,松下G7套机(12-35mm),,OLED屏，触摸屏，旋转屏,4592×3448,1600万
专业,概念产品,,,,索尼RX1-X,,,,
消费,即将上市,1/2.3英寸,,CMOS,理光THETA SC初音十周年纪念版,,,5376×2688,1200万
入门单反,4900,,无低通滤光镜,CMOS,宾得K-S2套机(18-50mm，50-200mm),,旋转屏,,2012万
,1299,1/2.3英寸,,CCD,柯达AZ421,机械电子快门,,4608×3456,1615万
消费，长焦,999,1/2.3英寸,,背照式CMOS,柯达PixPro SL10,,,4608×3456,1635万
微单,2.12万,全画幅（35.6*23.8mm）,,Exmor CMOS,索尼A7SII套机(16-35mm),电子控制纵走式焦平面快门,翻转屏，高清屏,4240×2832,1220万
微单,1.27万,全画幅（35.8*23.9mm）,,Exmor CMOS,索尼ILCE-7套机(16-35mm),电子控制纵走式焦平面快门,旋转屏，高清屏,6000×4000,2430万
消费,1999,1/2.3英寸,,背照式CMOS,卡西欧FR200,电子快门,触摸屏,,1195万
微单,1.65万,全画幅（35.6*23.8mm）,,Exmor CMOS,索尼ILCE-7S套机(FE 24-70mm),电子控制纵走式焦平面快门,翻转屏，高清屏,4240×2832,1220万
消费,1699,1/2.3英寸,,背照式CMOS,卡西欧FR100CA,电子快门,,4000×3000,1020万
单电,1.29万,APS画幅（23.5*15.6mm）,,Exmor APS HD CMOS,索尼A77 II套机(16-80mm),电子控制纵走式焦平面快门,翻转屏，高清屏,6000×4000,2430万
单反,概念产品,,,,哈苏V1D,,,,7500万
旁轴数码,6.95万,24×36mm,全画幅CMOS传感器,CMOS,徕卡M10套机(50mm f/2.4),,,5976×3992,2400万
微单,1.39万,APS-C画幅（23.5*15.6mm）,,Exmor CMOS,索尼A6500套机(55mm ZA),电子控制纵走式焦平面快门,触摸屏，旋转屏,6000×4000,2420万
微单,1.02万,APS-C画幅（23.6*15.6mm）,,X-Trans CMOS III,富士X-T2(XF 35mm)碳晶灰版,电子控制纵走式焦平面快门,旋转屏,6000×4000,2430万
消费，卡片,价格面议,,,,尼康A300,,,,
消费，卡片，广角,599,1/2.3英寸,,CCD,柯达FZ53,,LCD屏,4608×3456,1615万
微单,1.65万,全画幅（35.8*23.9mm）,,Exmor CMOS,索尼A7 II套机(FE 28-70mm，蔡司16-35mm),电子控制纵走式焦平面快门,旋转屏，高清屏,6000×4000,2430万
入门单反,价格面议,,,,佳能EOS M20,,,,
消费,价格面议,,,,尼康P7200,,,,
4/3系统数码单电,4600,4/3画幅（17.3*13mm）,"彩色滤镜：基色滤镜
防尘系统：超声波滤镜",Live MOS,松下GX7套机(14-42mm),焦平面快门,旋转屏，高清屏,4592×3448,1600万
消费，长焦,881,1/2.3英寸,,CCD,柯达FZ102,,,,1615万
全景相机,699,,,,努比亚VR全景相机,,,,
消费，卡片,6099,1/1.7英寸,,背照式CMOS,卡西欧TR500施华洛世奇礼盒版,机械快门,触摸屏，旋转屏,4000×3000,1110万
微单,1.59万,全画幅（35.6*23.8mm）,,Exmor CMOS,索尼ILCE-7S卡口适配器套装(转接环 LA-EA4),电子控制纵走式焦平面快门,翻转屏，高清屏,4240×2832,1220万
单电,5499,4/3画幅（17.3*13.0mm）,,Live MOS,奥林巴斯E-M10 II套机(45mm),焦平面快门,触摸屏，旋转屏,4608×3456,1610万
数码后背,26.18万,中画幅（53.9*40.4mm）,像素大小：6.0μm,,玛米亚利图WS60,,触摸屏,8984×6732,6000万
微单,8818,17.3×13mm,,Live MOS,松下G7套机(35-100mm),,OLED屏，触摸屏，旋转屏,4592×3448,1600万
消费，卡片,2599,1/1.7英寸,,CMOS,卡西欧ZR5100,机械电子快门,旋转屏,4000×3000,1210万
移轴机,8.59万,,,,阿尔帕12 XY,,,,
,1658,,,,Google Clips,,,,
消费，长焦,1700,1/2.3英寸,,背照式CMOS（BSI CMOS）,三星WB2100,,旋转屏,4608×3456,1638万
消费，卡片,3999,1/1.7英寸,,背照式CMOS,卡西欧TR750奇幻绿礼盒版,电子快门,触摸屏，旋转屏,4000×3000,1110万
消费，长焦，广角,749,,,,尼康L32,,,,
微单,4498,APS画幅（23.5*15.7mm）,,CMOS,三星NX300套机(18-50mm，50-200mm),电子控制纵走式焦平面快门,触摸屏，高清屏，AMOLED显示屏,5472×3468,2030万
消费，广角,569,,,CCD,柯达FZ151,,,,1600万
全景相机,1699,,8.4MP,CMOS,三星Gear 360（2017）,,,,1500万
全幅数码旁轴相机,即将上市,全画幅（36*24mm）,,CCD,徕卡M-MONOCHROM Jim Marshall Set限量版,,,5212×3472,1800万
消费，卡片,4999,1/1.7英寸,,背照式CMOS,卡西欧TR500礼盒版,机械快门,触摸屏，旋转屏,4000×3000,1110万
卡片，三防,价格面议,,,CMOS,尼康W100 E5特别版,,,,1317万
高端单反,概念产品,全画幅,,CMOS,宾得K-1套机(HD 77mm Limited),,旋转屏,,3600万
微单,6999,23.6×15.6mm,,X-Trans CMOS II,富士X-T10套机(XF 18-135mm),电子控制纵走式焦平面快门,旋转屏,,1630万
消费，长焦，广角,999,1/2.3英寸,,CCD,明基GH680,,旋转屏，高清屏,,2000万
微单,3399,4/3画幅（17.3*13mm）,原色滤镜,Live MOS,松下GF7套机(12-32mm，35-100mm),电控焦平面快门，电子快门,触摸屏，翻转屏，高清屏,4592×3448,1600万
消费,599,1/2.3英寸,,CMOS,卡西欧FR10礼盒版,,触摸屏,4320×3240,1400万
卡片，三防,概念产品,1/2.33英寸,,背照式CMOS,奥林巴斯Tough TG新款,,彩色LCD显示屏,4000×3000,1200万
微单,3399,4/3画幅（17.3*13mm）,原色滤镜,Live MOS,松下GF7套机(12-32mm，35-100mm),电控焦平面快门，电子快门,触摸屏，翻转屏，高清屏,4592×3448,1600万
高端单反,概念产品,全画幅,,CMOS,宾得K-1套机(SMC 43mm Limited),,旋转屏,,3600万
微单,概念产品,全画幅（35.8*23.8mm）,,CMOS,徕卡Q铬银色版,机械电子快门,触摸屏,,2400万
M4/3系统数码单电,3599,4/3画幅（17.3*13mm）,基色滤镜，超声波滤镜,Live MOS,松下GF6套机(14-42mm II，45-150mm),焦平面快门,触摸屏，旋转屏，高清屏,4592×3448,1600万
消费,599,1/2.3英寸,,CMOS,卡西欧FR10礼盒版,,触摸屏,4320×3240,1400万
微单,概念产品,APS-C画幅,,,徕卡XY,,,,
消费，长焦,1700,1/2.3英寸,,背照式CMOS（BSI CMOS）,三星WB2100,,旋转屏,4608×3456,1638万
微单,概念产品,4/3画幅,,,松下GM2,,,,
微单,2379,1英寸（13.2*8.8mm）,颜色滤镜：RGB 原色滤镜,背照式CMOS,三星NX mini套机(17mm),,触摸屏，旋转屏，高清屏,5472×3648,2050万
高端单反,概念产品,全画幅,,CMOS,宾得K-1套机(HD 77mm Limited),,旋转屏,,3600万
微单,概念产品,,,X-Trans III,富士X-T2s,,,,2400万
卡片，三防,概念产品,1/2.33英寸,,背照式CMOS,奥林巴斯Tough TG新款,,彩色LCD显示屏,4000×3000,1200万
消费，卡片,4999,1/1.7英寸,,背照式CMOS,卡西欧TR500礼盒版,机械快门,触摸屏，旋转屏,4000×3000,1110万
消费，长焦，广角,概念产品,,,,富士S9750,,,,
消费，卡片，长焦，广角,1299,,,CCD,三星WB50F,,,,1600万
消费，卡片，长焦，广角,839,,,背照式CMOS,三星WB351F,,触摸屏,4608×3456,1630万
消费,概念产品,1英寸,,CMOS,三星NX mini 2,,,,
4/3系统数码单电,1.06万,4/3画幅,,Live MOS,松下GX8套机(12-35mm),,,,2030万
消费，卡片,6099,1/1.7英寸,,CMOS,卡西欧TR600爱之橙礼盒版,电子快门,触摸屏，旋转屏,4000×3000,1110万
,1099,,,,宝丽来R360全景相机,,,,
消费，VR相机,即将上市,,,,联想Mirage Daydream,,触摸屏,,
消费，VR相机,即将上市,,,,小蚁Horizon VR180,,触摸屏，旋转屏,,
微单,概念产品,,,,富士XC10,,,,
消费，三防,概念产品,,,,理光WG-50,,,,
消费，长焦，广角,6810,,,CMOS,锡恩帝HX600行业版,机械电子快门,,4608×3456,1600万
消费，卡片,价格面议,1/2.3英寸,,CCD,尼康L30,机械电子快门,,4608×3456,1614万
,价格面议,,,,尼康N1711,,,,
微单,概念产品,,,,富士XQ10,,,,
消费，卡片，三防,1605,1/2.33英寸,,CMOS,松下TS6,,,,1600万
微单,概念产品,中画幅,,,富士X-MF1,,,,
消费，卡片，长焦，广角,6999,1/2.3英寸,,CCD,锡恩帝HX600,机械电子快门,高清屏,4608×3456,1615万
消费，长焦,价格面议,,,CMOS,尼康L640,,,,
消费，长焦，广角,1400,,,CCD,三星WB110,,,,
中画幅,4.94万,,,,阿尔帕12 TC SILVER,,,,
消费，长焦，广角,1799,1/2.3英寸,,CMOS,三星WB2014F,,触摸屏，高清屏,4608×3456,1630万
长焦,1199,1/2.3英寸,,CCD,柯达PIXPRO AZ365,,高清屏,,1615万
消费，长焦，广角,6999,（1/2.3）英寸,,CCD,锡恩帝HX650,机械电子快门,高清屏,4608×3456,1615万
微单,概念产品,,,,宾得M-E,,,,
,价格面议,,,,尼康N1710,,,,
微单,即将上市,4/3画幅（17.3*13mm）,,Live MOS,松下GF8套机(35-100mm),电子控制纵走式焦平面快门,触摸屏，翻转屏，高清屏,,1600万
消费，长焦，广角,概念产品,,,,富士S9950W,,,,
微单,2999,1英寸（13.2*8.8mm）,颜色滤镜：RGB 原色滤镜,背照式CMOS,三星NX mini套机(9mm，9-27mm),,触摸屏，旋转屏，高清屏,5472×3648,2050万
4/3系统数码单电,1.17万,4/3画幅,,Live MOS,松下GX8套机(35-100mm),,,,2030万
消费，长焦,概念产品,1/2.3英寸,,CMOS,卡西欧EX-ZR1800,,,,1610万
消费，卡片,概念产品,1/1.7英寸,,CMOS,卡西欧ZR4100,,旋转屏,,1210万
单电,概念产品,,,,奥林巴斯E-M1 III,,,,
消费,概念产品,,,CMOS,卡西欧FC500S,,,,1610万
消费,概念产品,全画幅,,CMOS,理光GR-E,,,,3600万
消费，长焦，广角,概念产品,,,,富士S9950W,,,,
,价格面议,,,,尼康N1718,,,,
,概念产品,,,,松下GM7(单机),,,,
,价格面议,,,,尼康N1710,,,,
全景相机，VR相机,即将上市,,,,三星360 Round,,,,200万
,价格面议,,,,尼康N16F1,,,,
消费，专业,概念产品,4/3画幅,,,奥林巴斯TRIP-D,,旋转屏,,1600万
消费，长焦，广角,概念产品,,,,富士S9850,,,,
,即将上市,,,,徕卡Terry OʼNeill限量版,,,,
消费，长焦,5780,,,,锡恩帝DX8,,,4608×3456,1615万
,价格面议,,,,尼康N1721,,,,
微单,概念产品,,,,松下GH6V,,,,
微单,概念产品,4/3画幅,,,奥林巴斯IM001,,,,
,概念产品,,,,富士FF 180002,,,,
消费,概念产品,,,CMOS,QindredCam 智能相机,,,,
消费，卡片，三防,概念产品,,,,富士XP81,,,,
消费，卡片，三防,概念产品,,,,富士XP85,,,,
,价格面议,,,,尼康N1622,,,,
消费,即将上市,1/2.8英寸,,背照式CMOS,卡西欧FR110H,,,1920×1080,190万
微单,概念产品,,,,松下GH6X,,,,
360°生活记录相机,概念产品,,,,索尼Xperia Eye,,,,
微单,价格面议,,,背照式CMOS,佳能EOS Me,,,,
微单,3000,APS画幅（22.3*14.9mm）,除尘功能：开启/关闭电源时，可自动或手动实施,CMOS,佳能EOS M3套机(18-55mm),电子控制焦平面快门,触摸屏，高清屏,6000×4000,2420万
入门单反,4399,APS画幅（22.3*14.9mm）,除尘功能：自动，手动，添加除尘数据,CMOS,佳能760D(单机),电子控制焦平面快门,高清屏,6000×4000,2420万
入门单反,2869,APS画幅（22.3*14.9mm）,自动，手动，添加除尘数据,CMOS,佳能100D(单机),电子控制焦平面快门,触摸屏，高清屏,5184×3456,1800万
中端单反,6155,APS画幅（22.3*14.9mm）,,CMOS,佳能80D套机(EF-S 18-55mm IS STM),电子控制纵走式焦平面快门,触摸屏，旋转屏,6000×4000,2420万
,1.23万,,,,CRAB 光场单反相机 光场摄像,,,,
,1159,,,,萤石CS-S1-216WFB,,,,
卡片，消费，三防,暂无报价,1英寸（13.2*8.8mm）,,Exmor RS CMOS,索尼DSC-RX0M2G（搭配VCT-SGR1多功能拍摄手柄）,电子快门,旋转屏（上翻180度，下翻90度）,4800×3200,1530万
全幅数码旁轴相机,暂无报价,全画幅（36*24mm）,,CCD,徕卡M-MONOCHROM京都版,,,5212×3472,1800万
全幅数码旁轴相机,暂无报价,全画幅（36*24mm）,,CCD,徕卡M-MONOCHROM“Your Mark”版,,,5212×3472,1800万
入门单反,暂无报价,APS-C画幅（23.5*15.6mm）,,CMOS,宾得KP限制版,电子控制纵走式焦平面快门,TFT彩色液晶显示屏,6016×4000,2432万
微单,1900,APS画幅（23.5*15.7mm）,RGB原色滤镜,CMOS,三星NX1000套机(20-50mm),电子控制焦平面快门,,5472×3648,2030万
消费，广角,2450,（1/1.63）英寸,,CCD,松下LX3GK,机械电子快门,高清屏,3648×2736,1010万
消费,1550,（1/1.8）英寸,,CCD,柯达C875,机械式电子快门,,3264×2448,800万
